Open,Wind
Panel,Sully
Btn,Hop
OpenPanelBtn,WindSullyHop
Fly,Oil
Start,Skill
FlyStart,OilSkill
End,Way
FlyEnd,OilWay
Images,Accept
FlyImages,OilAccept
Money,Scant
Text,Plot
MoneyText,ScantPlot
Cash,Tire
CashText,TirePlot
Left,Fame
Time,Sign
LeftTimeText,FameSignPlot
Max,Rub
Fill,Shut
MaxMoneyFill,RubScantShut
Anim,Lady
MoneyTextAnim,ScantPlotLady
CashTextAnim,TirePlotLady
MaxMoneyFillAnim,RubScantShutLady
Login,Empty
Platform,Forecast
LoginPlatform,EmptyForecast
_LoginPlatform,_EmptyForecast
App,Bed
Info,Pain
AppInfo,BedPain
Withdraw,Daughter
WithdrawPlatform,DaughterForecast
Base,Hare
Url,Era
BaseUrl,HareEra
Account,Faculty
Data,Song
LeftTime,FameSign
Out,Sit
CashOutPanel,TireSitSully
_CashOutPanel,_TireSitSully
Enter,Speed
CashOutEnter,TireSitSpeed
_CashOutEnter,_TireSitSpeed
Ready,Grope
Min,Cab
Count,Knife
MinWithdrawCount,CabDaughterKnife
Event,Worst
Event_1304Time,Worst_1304Sign
Client,Dating
ClientIP,DatingIP
Real,Will
RealIP,WillIP
StartTime,SkillSign
User,Bush
UserID,BushID
Convert,Nuclear
ConvertTime,NuclearSign
Record,Mosaic
Task,Open
TaskData,OpenSong
code,Wear
msg,Gut
platform,Endanger
bundle,Emblem
id,An
bundle_id,Emblem_An
uuid,Beef
device,Soothe
ad,No
device_ad_id,Soothe_No_An
lang,Beat
device_lang,Soothe_Beat
model,Flute
manufacturer,Considerable
screen,Thirty
size,Neck
screen_size,Thirty_Neck
pixel,Urban
screen_pixel,Thirty_Urban
data,Rent
nick,Tiny
name,Bell
nick_name,Tiny_Bell
avatar,Quasar
crt,Maw
time,Dung
crt_time,Maw_Dung
coin,Tide
cash,Dike
channel,Surpass
convert,Collide
convert_time,Collide_Dung
token,Krill
is,If
regist,Massif
is_regist,If_regIft
receiver,Wingspan
type,Bath
receiver_type,Wingspan_Bath
value,Reign
receiver_value,Wingspan_Reign
min,Big
amount,People
min_amount,Big_People
day,Oil
count,South
day_count,day_South
max,Yew
day_max_amount,Oil_Yew_People
status,Wither
timestamp,Piecework
signature,Glycoside
network,Toehold
zone,Rain
time_zone,Dung_Rain
events,Flashy
string,Sneeze
string_0,Sneeze_0
string_1,Sneeze_1
big,Aim
int,Gun
big_int_0,Aim_Gun_0
Close,Argon
CloseBtn,ArgonHop
Update,Normal
UpdateUI,NormalUI
Loading,Pacific
UpdateUI_Loading,NormalUI_Pacific
CashOutBtn,TireSitHop
CashOutBtn_Loading,TireSitHop_Pacific
CashOutBtn_Task,TireSitHop_Open
CashOutBtn_Task_Text,TireSitHop_Open_Plot
AccountText,FacultyPlot
IDText,IDPlot
MaxMoneyText,RubScantPlot
Des,Ppm
DesText,PpmPlot
InfoPanel,PainSully
InfoText,PainPlot
OpenBtn,WindHop
InfoPanel_OpenBtn,PainSully_WindHop
InfoPanel_CloseBtn,PainSully_ArgonHop
Contact,Exclaim
ContactBtn,ExclaimHop
Name,Poet
MoneyName,ScantPoet
RecordPanel,MosaicSully
RecordPanel_OpenBtn,MosaicSully_WindHop
RecordPanel_CloseBtn,MosaicSully_ArgonHop
RecordPanel_Loading,MosaicSully_Pacific
Scroll,Canada
Rect,Ware
RecordScrollRect,MosaicCanadaWare
Items,Third
RecordItems,MosaicThird
Page,Male
PageText,MalePlot
Up,ID
PageUpBtn,MaleIDHop
Down,Vote
PageDownBtn,MaleVoteHop
No,To
Tip,Bed
NoRecordTip,ToMosaicTip
State,Mouth
Sprites,Visible
StateSprites,MouthVisible
Colors,Radium
StateTextColors,MouthPlotRadium
PageCount,MaleKnife
AccountPanel,FacultySully
AccountPanel_OpenBtn,FacultySully_WindHop
AccountPanel_CloseBtn,FacultySully_ArgonHop
Input,Tower
AccountInput,FacultyTower
Confirm,Linkage
ConfirmAccountInput,LinkageFacultyTower
Error,Lomas
AccountErrorText,FacultyLomasPlot
ConfirmBtn,LinkageHop
ConfirmAccountPanel,LinkageFacultySully
ConfirmAccountPanel_CloseBtn,LinkageFacultySully_ArgonHop
Policy,Opaque
PolicyBtn,OpaqueHop
Toggle,Clever
PolicyToggle,OpaqueClever
Sbmit,Flood
SbmitBtn,FloodHop
SbmitBtn_Loading,FloodHop_Pacific
Confirm_AccountText,Linkage_FacultyPlot
Edit,Like
EditBtn,LikeHop
Guide,Quiet
GuidePanel,QuietSully
Title,Vowel
GuideTitleText,QuietVowelPlot
GuideText,QuietPlot
GuideItems,QuietThird
GuideItems1,QuietThird1
GuideItems2,QuietThird2
Step,Lime
GuideStep,QuietLime
Go,ID
GuideStep2Go,QuietLime2Go
Points,Unsure
GuideStepPoints,QuietLimeUnsure
Next,Hail
GuideNextBtn,QuietHailHop
Need,Heed
Delete,Regain
NeedDelete,HeedRegain
Test,Span
isTest,IfSpan
Keys,Doom
dir,Lop
color,Hurry
color1,Hurry1
color2,Hurry2
range,Nerve
Flip,Tube
CHANNEL,CHANNEL
ID,ID
CHANNEL_ID,CHANNEL_ID
url,Ant
Scheme,Person
urlScheme,AntPerson
Long,Bony
isLong,IfBony
pool,Road
Dic,See
poolDic,RoadSee
hold,Cyan
holdTime,CyanSign
Holding,Masonry
isHolding,IfMasonry
_isHolding,_IfMasonry
timer,Churn
_timer,_Churn
thickness,Crocodile
_thickness,_Crocodile
use,Fun
Gradient,Amniotic
useGradient,FunAmniotic
_useGradient,_FunAmniotic
gradient,Diameter
Direction,Municipal
gradientDirection,DiameterMunicipal
vertex,Jumble
List,Lane
vertexList,JumbleLane
_vertexList,_JumbleLane
dust,Anew
dust1,Anew1
dust2,Anew2
can,Ere
Erase,Tread
canErase,EreTread
erase,Crane
Finish,Street
eraseFinishEvent,CraneStreetWorst
brush,Title
Radius,Unused
brushRadius,TitleUnused
finish,Locust
Percent,Eyebrow
finishPercent,LocustEyebrow
draw,Wild
Offset,Create
drawOffset,WildCreate
isFinish,IfStreet
Continue,Backward
isContinue,IfBackward
Image,Gully
eraseImage,CraneGully
Texture,Flicker
eraseTexture,CraneFlicker
texture,Imitate
Width,Spiky
textureWidth,ImitateSpiky
Height,Devour
textureHeight,ImitateDevour
Length,Adjust
textureLength,ImitateAdjust
eraseLength,CraneAdjust
original,Elongate
originalTexture,ElongateFlicker
Enabled,Descent
originalImageEnabled,ElongateGullyDescent
rect,Loan
Transform,Geography
rectTransform,LoanGeography
parent,Sprawl
Canvas,Strict
parentCanvas,SprawlStrict
last,Scan
Position,Bedcover
lastErasePosition,ScanTreadBedcover
Erasing,Approve
isErasing,IfApprove
Mouse,Weary
Over,Cave
isMouseOverImage,IfWearyCaveGully
local,Dizzy
Point,Pride
localPoint,DizzyPride
Pos,Hat
pixelPos,UrbanHat
temp,Clam
tempPercent,ClamEyebrow
indexes,Current
movefx,Impact
Win,Gun
movefx_Win,Impact_Win
Boost,Ample
movefx_Boost,Impact_Ample
normal,Ascend
Font,Cord
normalFont,AscendCord
boost,Swing
boostFont,SwingCord
win,Law
winFont,LawCord
number,Seldom
star,Dram
Ball,Upon
winBall,LawUpon
gold,Note
Pig,Ear
goldPigBtn,NoteEarHop
Txt,Sow
goldPigCDTxt,NoteEarCDSow
wheel,Pedal
black,Birch
Mask,View
blackMask,BirchView
show,Busy
Curve,Which
showCurve,BusyWhich
rotition,Seashore
rotitionCurve,SeashoreWhich
idle,Also
Particle,Milkweed
idleParticle,AlsoMilkweed
winParticle,LawMilkweed
prize,Daily
diamond,Topsoil
Num,Fix
diamondNum,TopsoilFix
lucky,Tempt
Wheel,Elder
Bar,Eel
luckyWheelBar,TemptElderEel
Lucky,Scope
Energy,Alpine
maxLuckyWheelEnergy,YewScopeElderAlpine
trail,Flake
particle,Disprove
slot,Coat
Prefab,Devise
slotPrefab,CoatDevise
Distance,Composer
slotDistance,CoatComposer
Bottom,Gamble
slotBottom,CoatGamble
axis,Wool
Index,Venue
axisIndex,WoolVenue
slots,Sonic
slotsCount,SonicKnife
Board,Quite
slotsBoard,SonicQuite
slotsBoardIndex,SonicQuiteVenue
Queue,Jules
slotsQueue,SonicJules
stack,Briny
Spinning,Egyptian
isSpinning,IfEgyptian
new,Way
Slot,Bare
newSlot,newBare
start,Trust
startPos,TrustHat
move,Akin
moveY,AkinY
need,Mime
Fast,Load
needFast,MimeLoad
anim,Shun
animName,ShunPoet
idleName,AlsoPoet
guideline,Narration
image,Oasis
magic,Dimly
Bug,Low
magicBugPos,DimlyLowHat
Types,Slate
slotTypes,CoatSlate
axisPrefab,WoolDevise
mask,Buzz
curve,Penal
fast,Tame
Box,Fee
fastBox,TameFee
fastBox2,TameFee2
fastBox3,TameFee3
fastBox4,TameFee4
Reward,Redbud
fastReward,TameRedbud
delta,Swear
deltaTime,SwearSign
Speed,Purge
moveSpeed,AkinPurge
Slots,Large
fastSlotsCount,TameLargeKnife
line,Harm
Arr,Bud
axisArr,WoolBud
end,Wit
Axis,Next
endAxisCount,WitNextKnife
Show,Cane
guidelineShowTime,NarrationCaneSign
Line,Help
isShowGuideLine,IfCaneQuietHelp
spin,Will
spinCountCDTimeTxt,spinKnifeCDSignSow
spinCountTxt,WillKnifeSow
add,Lap
Spin,Wind
addSpinBtn,LapSpinHop
maxSpinCount,YewWindKnife
spinCountCDTime,WillKnifeCDSign
Timer,Timid
Running,Booklet
isTimerRunning,IfTimidBooklet
Bound,Oxide
isTextBound,IfPlotOxide
wild,Holm
Add,Ion
Weight,Import
wildAddWeight,HolmIonImport
Wigth,Sheet
Dict,Rice
slotWigthDict,CoatSheetRice
winData,LawSong
reward,Rancho
rewardDict,RanchoRice
special,Nucleic
Rewards,Flatter
specialRewardsItems,NucleicFlatterThird
Type,Leap
specialTypeDict,NucleicLeapRice
Five,Heat
Numbers,Inhabit
FiveFSBoardNumbers,HeatFSQuiteInhabit
five,Stud
fiveFSWigthDict,StudFSSheetRice
jackpot,Endless
jackpotData,EndlessSong
compare,Expanse
Size,Sail
compareSizeData,ExpanseSailSong
open,Atom
openBoxData,AtomFeeSong
match,Bunch
match3Data,Bunch3Song
scratch,Dioxide
scratchData,DioxideSong
luckyWheelData,TemptElderSong
goldPigData,NoteEarSong
Machine,Intrude
Mode,Wand
eMachineMode,eIntrudeWand
Obj,Boy
diamondObj,TopsoilBoy
slotTypesDic,CoatSlateSee
no,My
Grand,Since
Prize,Opera
noGrandPrizeCount,MySinceOperaKnife
fiveFSSpinCount,StudFSWindKnife
Wight,Index
Nomarl,Endure
wildWightNomarl,HolmIndexEndure
Free,Hair
wildWightFreeSpin,HolmIndexHairWind
winRewards,LawFlatter
ready,Syrup
Boards,Volume
slotsBoards,SonicVolume
isEndWheel,IfWayElder
settlement,Convection
States,Latest
settlementStates,ConvectionLatest
key,Wad
total,Flute
Seconds,Arabian
totalSeconds,totalArabian
remaining,Collector
remainingSeconds,CollectorArabian
Loop,Rest
isLoop,IfRest
callback,Wasteful
display,Spidery
displayText,SpideryPlot
coroutine,Meteorite
active,Recent
Timers,Server
activeTimers,RecentServer
stopped,Dismiss
stoppedTimers,DismissServer
PLAYER,PLAYER
PREFS,PREFS
PREFIX,PREFIX
PLAYER_PREFS_PREFIX,PLAYER_PREFS_PREFIX
watch,Harsh
Ad,So
watchAdBtn,HarshSoHop
give,Akin
giveUpBtn,giveIDHop
Quit,Barb
QuitBtn,BarbHop
my,To
Number,Primal
Btns,Yean
myNumberBtns,myPrimalYean
used,Meat
usedIndex,MeatVenue
winTime,LawSign
unwinning,Expansion
Pool,Half
unwinningPrizePool,ExpansionOperaHalf
cleopatra,Curvature
fangkuai,Corridor
Card,Odor
Sur,Aim
fangkuaiCardSur,CorridorOdorSur
hongtao,Revival
hongtaoCardSur,RevivalOdorAim
meihua,Cannot
meihuaCardSur,CannotOdorAim
heitao,Choppy
heitaoCardSur,ChoppyOdorAim
JCardSur,JOdorAim
Sym,Rub
fangkuaiSym,CorridorSym
hongtaoSym,RevivalRub
meihuaSym,CannotRub
heitaoSym,ChoppyRub
card,Toss
Surfaces,Elongate
cardSurfaces,TossSurfaces
compareCardPos,ExpanseOdorHat
caidai,Mildly
pwin,Jade
cardPos,TossHat
Chances,Iceberg
ChancesBtn,IcebergHop
add8ChancesBtn,Lap8IcebergHop
startBtn,TrustHop
free,Boss
Times,Untie
freeSpinTimesText,BossWindUntiePlot
freeSpinTimes,BossWindUntie
spinBtn,WillHop
stop,Toll
stopBtn,TollHop
collectibles,Conscription
collectiblesBtn,ConscriptionHop
settings,Carnival
settingsBtn,CarnivalHop
result,Burden
resultTxt,BurdenSow
Trans,Tidal
jackpotTrans,EndlessTidal
grand,Laugh
Jackpot,Restful
grandJackpot,LaughRestful
major,Verse
majorJackpot,VerseRestful
minor,Cajun
minorJackpot,CajunRestful
mini,Fund
miniJackpot,FundRestful
cashOutEnter,DikeSitSpeed
diamondBox,TopsoilFee
diamonds,Merchant
diamondsTxt,MerchantSow
freespin,Basketry
freespinBG,BasketryBG
cleopatraAnim,CurvatureLady
statue,Plover
statueAnim,PloverLady
fiveFSBoard,StudFSQuite
luckyWheel,TemptElder
magicBugEndCount,DimlyLowWayKnife
Settlement,Friendship
Fx,Up
fiveFSSettlementFxPrefab,StudFSFriendshipUpDevise
fiveFSSettlementMaskBtn,StudFSFriendshipViewHop
fiveFSSettlementTxt,StudFSFriendshipSow
fiveFSSettlement,StudFSFriendship
settlementParticle,ConvectionMilkweed
freeSpin,BossWind
Normal,Mexico
NormalParticle,MexicoMilkweed
freeSpin2NormalParticle,BossWind2MexicoMilkweed
shen,Rape
shenEnd,RapeWay
zheng,Forge
zhengEnd,ForgeWay
Move,Fast
grandJackpotMoveTime,LaughRestfulFastSign
Auto,Year
isAutoSpinning,IfYearEgyptian
round,Troop
roundEnd,TroopWay
btn,Sea
Group,Algae
btnGroup,SeaAlgae
btnGroup1,SeaAlgae1
btnGroup2,SeaAlgae2
btnGroup3,SeaAlgae3
rewardText,RanchoPlot
rewardBox,RanchoFee
animStart,ShunSkill
btn1_1,Sea1_1
btn1_2,Sea1_2
btn2_1,Sea2_1
btn2_2,Sea2_2
btn3_1,Sea3_1
btn3_2,Sea3_2
FX,FX
bg,Go
FX_bg,FX_Go
General,Destine
Ani,Don
GeneralRewardAni,DestineRedbudDon
ShowAniList,CaneDonLane
rewardNumber,RanchoPrimal
opened,Bottle
From,Bard
openedFrom,BottleBard
rewardBtn,RanchoHop
close,Whole
closeBtn,WholeHop
diamondsText,MerchantPlot
title,Metal
rewardTxt,RanchoSow
light,Forty
Img,Yew
lightImg,FortyImg
symble,Repeat
claim,Steer
claimBtn,SteerHop
claim10Percent,Steer10Eyebrow
Symble,Arcade
grandSymble,LaughArcade
majorSymble,VerseArcade
minorSymble,CajunArcade
miniSymble,FundArcade
Spr,Far
grandSpr,LaughFar
majorSpr,VerseFar
minorSpr,CajunFar
miniSpr,FundFar
Light,Climb
grandLightSpr,LaughClimbFar
majorLightSpr,VerseClimbFar
minorLightSpr,CajunClimbFar
miniLightSpr,FundClimbFar
RewardBox,RedbudFee
jackpotType,EndlessLeap
Postitle,Obedient
startPostitle,TrustObedient
startPosRewardBox,TrustHatRedbudFee
slider,Induct
sliderImage,InductGully
progress,Frenetic
progressText,FreneticPlot
cardBtns,TossYean
Toggles,Fitting
cleopatraToggles,CurvatureFitting
ankh,Disk
ankhToggles,DiskFitting
honus,Peach
honusToggles,PeachFitting
jar,Tie
jarToggles,TieFitting
ring,Late
ringToggles,LateFitting
scepter,Georgia
scepterToggles,GeorgiaFitting
bug,Arc
bugToggles,ArcFitting
cleopatraObj,CurvatureBoy
ankhObj,DiskBoy
honusObj,PeachBoy
jarObj,TieBoy
ringObj,LateBoy
scepterObj,GeorgiaBoy
bugObj,ArcBoy
Fronts,Cowboy
cardFronts,TossCowboy
ankhAnim,DiskLady
honusAnim,PeachLady
jarAnim,TieLady
ringAnim,LateLady
scepterAnim,GeorgiaLady
bugAnim,ArcLady
Cards,Belie
matchCards,BunchBelie
toggles,Semitic
Indexs,Severe
usedCardIndexs,MeatOdorSevere
symbol,Bother
Create,Admire
Datas,Prove
symbolCreateDatas,BotherAdmireProve
symbolDatas,BotherProve
openCount,AtomKnife
Names,Hypha
cardNames,TossHypha
rewardNum,RanchoFix
step,Tiny
step1,step1
step2,Tiny2
step1Btn,Tiny1Hop
step2Btn,Tiny2Hop
boxes,Ruler
keys,Site
keysCountTxt,SiteKnifeSow
KeysBtn,DoomHop
add3KeysBtn,Lap3DoomHop
hammer,Burial
hammerPos,BurialHat
rewards,Primate
Parent,Kettle
rewardsParent,PrimateKettle
Major,Drama
rewardMajor,RanchoDrama
Minor,Ahead
rewardMinor,RanchoAhead
Mini,Inca
rewardMini,RanchoInca
Diamond,Violent
rewardDiamond,RanchoViolent
Skull,Stunt
rewardSkull,RanchoStunt
Cry,Can
rewardCry,RanchoCan
Scorpion,Nearness
rewardScorpion,RanchoNearness
openedBoxIndexs,BottleFeeSevere
box,Beg
boxIndex,BegVenue
back,Lull
backBtn,LullHop
content,Aridity
Stars,Compo
Sprite,Course
star1Sprite,Dram1Course
star2Sprite,Dram2Course
BGBtn,BGHop
Layer,Bylaw
scratchLayer,DioxideBylaw
lid,Jet
luckyNum,TemptFix
luckyNum1Txt,TemptFix1Sow
luckyNum2Txt,TemptFix2Sow
luckyNum1,TemptFix1
luckyNum2,TemptFix2
Diamonds,Gossamer
rewardDiamonds,RanchoGossamer
coating,Message
Scraped,Consort
coatingScraped,MessageConsort
rewardPos,RanchoHat
music,Vigor
musicBtn,VigorHop
sound,Spank
soundBtn,SpankHop
vibration,Ponderous
vibrationBtn,PonderousHop
directions,Interstate
directionsBtn,InterstateHop
on,ID
onSprite,onCourse
off,Two
offSprite,TwoCourse
First,Bless
claimFirstBtn,SteerBlessHop
claim50Percent,Steer50Eyebrow
epic,Chew
epicWin,ChewGun
mega,Moss
megaWin,MossGun
bigWin,AimGun
boom,Mean
winType,LawLeap
Audio,Night
Mgr,Bee
AudioMgr,NightBee
Component,Southward
AudioComponentQueue,NightSouthwardJules
MaxCount,RubKnife
AudioQueue,NightJules
m,m
Music,Annex
bgMusic,GoAnnex
m_bgMusic,m_GoAnnex
Play,Year
Source,Spinet
PlayAudioSourceList,PlayNightSpinetLane
Check,Night
Interval,Evaluate
CheckInterval,CheckEvaluate
Bg,Me
Switch,Enigma
BgMusicSwitch,MeAnnexEnigma
_BgMusicSwitch,_MeAnnexEnigma
Effect,Sahara
EffectMusicSwitch,SaharaAnnexEnigma
_EffectMusicSwitch,_SaharaAnnexEnigma
Volume,Breech
BgVolume,MeBreech
_BgVolume,_MeBreech
EffectVolume,SaharaBreech
_EffectVolume,_SaharaBreech
BGM,BGM
BGM_Name,BGM_Poet
fade,Grid
fadeOutSource,GridSitSpinet
m_fadeOutSource,m_GridSitSpinet
Fading,Waster
isFading,IfWaster
m_isFading,m_IfWaster
Setting,Testify
AudioSettingDict,NightTestifyRice
looping,Hexagon
Sources,Foreign
loopingSources,HexagonForeign
Round,Arrow
Digits,Anyone
RoundDigits,ArrowAnyone
frames,Oppose
framerate,Reradiate
ignore,Gallop
Scale,Glass
ignoreTimeScale,GallopSignGlass
loop,Belt
sprite,Adjoin
Renderer,Excavate
spriteRenderer,AdjoinExcavate
current,Seattle
Frame,Nomad
currentFrameIndex,SeattleNomadVenue
Framerate,Formulate
currentFramerate,SeattleFormulate
Target,Rarity
Target_Type,Rarity_Leap
Layout,Abroad
Layout_Type,Abroad_Leap
Run,Rat
Run_Time,Rat_Sign
Layout_Number,Abroad_Primal
adjust,Gallon
adjustID,GallonID
sv,At
Just,Sago
Init,Pane
ADJustInitType,ADSagoPaneLeap
sv_ADJustInitType,At_ADSagoPaneLeap
ADJustTime,ADSagoSign
sv_ADJustTime,At_ADSagoSign
Revenue,Eyebrow
adjustInitAdRevenue,GallonPaneSoRevenue
MAX,MAX
SDK,SDK
KEY,KEY
MAX_SDK_KEY,MAX_SDK_KEY
REWARD,REWARD
MAX_REWARD_ID,MAX_REWARD_ID
INTER,INTER
MAX_INTER_ID,MAX_INTER_ID
retry,Width
Attempt,Turbine
retryAttempt,WidthTurbine
Showing,Creeper
isShowingAd,IfCreeperSo
Network,Lobster
rewardNetworkName,RanchoLobsterPoet
Call,Deem
Back,Yale
Action,Gibbon
rewardCallBackAction,RanchoDeemYaleGibbon
Success,Afflict
rewardSuccess,RanchoAfflict
rewardIndex,RanchoVenue
interstitial,Infiltration
interstitialNetworkName,InfiltrationLobsterPoet
interstitialType,InfiltrationLeap
interstitialIndex,InfiltrationVenue
Playing,Highway
Callbacks,Amsterdam
adPlayingCallbacks,NoHighwayAmsterdam
application,Eradication
Pause,Needy
Timestamp,Drugstore
applicationPauseTimestamp,EradicationNeedyDrugstore
Custom,Paddle
RewardAdCustomData,RedbudSoPaddleSong
Interstitial,Unnoticeable
InterstitialAdCustomData,UnnoticeableSoPaddleSong
appid,Leave
dictionary,Lighthouse
Message,Catalog
dictionaryMessage,LighthouseCatalog
Bool,Hawk
valueBool,ReignHawk
valueBool2,ReignHawk2
Int,Arc
valueInt,ReignInt
valueInt2,ReignInt2
valueInt3,ReignInt3
Float,Touch
valueFloat,ReignTouch
valueFloat2,ReignTouch2
Double,Shield
valueDouble,ReignShield
valueDouble2,ReignShield2
String,Teacup
valueString,ReignTeacup
valueString2,ReignTeacup2
Game,Tray
Object,Search
valueGameObject,ReignTraySearch
valueGameObject2,ReignTraySearch2
valueGameObject3,ReignTraySearch3
valueGameObject4,ReignTraySearch4
valueTransform,ReignGeography
valueStringList,ReignTeacupLane
Vec,Wax
valueVec,ReignWax
valueVec2List,ReignWax2Lane
valueIntList,ReignArcLane
message,Clarify
messageCallBack,ClarifyDeemYale
vec,Gas
vec2_1,Gas2_1
vec2_2,Gas2_2
LoginUrl,EmptyEra
Config,Tenant
ConfigUrl,TenantEra
TimeUrl,SignEra
Adjust,Punish
AdjustUrl,PunishEra
Local,Cramp
Id,Dy
LocalUserId,CrampBushDy
sv_LocalUserId,At_CrampBushDy
Server,Sodium
LocalServerId,CrampSodiumDy
sv_LocalServerId,At_CrampSodiumDy
Is,If
New,Eat
Player,Plunge
IsNewPlayer,IsEatPlunge
sv_IsNewPlayer,At_IsEatPlunge
Daily,Avoid
Bouns,Boron
Get,All
DailyBounsGetCount,AvoidBoronAllKnife
sv_DailyBounsGetCount,At_AvoidBoronAllKnife
Date,Path
DailyBounsDate,AvoidBoronPath
sv_DailyBounsDate,At_AvoidBoronPath
NewUserStep,EatBushLime
sv_NewUserStep,At_EatBushLime
Gold,Rock
Coin,Jazz
GoldCoin,RockJazz
sv_GoldCoin,At_RockJazz
Cumulative,Proficient
CumulativeGoldCoin,ProficientRockJazz
sv_CumulativeGoldCoin,At_ProficientRockJazz
Token,Reply
sv_Token,At_Reply
CumulativeToken,ProficientReply
sv_CumulativeToken,At_ProficientReply
Amazon,Crunch
sv_Amazon,At_Crunch
CumulativeAmazon,ProficientCrunch
sv_CumulativeAmazon,At_ProficientCrunch
Total,Purge
TotalGameTime,TotalTraySign
sv_TotalGameTime,At_TotalTraySign
FirstGetToken,BlessAllReply
sv_FirstGetToken,At_BlessAllReply
Has,Sew
Rate,Self
HasShowRatePanel,SewCaneSelfSully
sv_HasShowRatePanel,At_SewCaneSelfSully
Lottery,Clement
CumulativeLottery,ProficientClement
sv_CumulativeLottery,At_ProficientClement
Already,Watcher
Pass,Much
Levels,Spinal
AlreadyPassLevels,WatcherMuchSpinal
sv_AlreadyPassLevels,At_WatcherMuchSpinal
NewUserStepFinish,EatBushLimeStreet
sv_NewUserStepFinish,At_EatBushLimeStreet
task,Your
level,Angle
sv_task_level_count,At_Your_Angle_South
FirstSlot,BlessBare
sv_FirstSlot,At_BlessBare
Adid,Jump
AdjustAdid,PunishJump
sv_AdjustAdid,At_PunishJump
trial,Sharp
num,Gut
sv_ad_trial_num,At_No_Sharp_num
sv_total_ad_num,At_Flute_No_Gut
mg,To
Window,Seaway
WindowOpen,SeawayWind
mg_WindowOpen,mg_SeawayWind
WindowClose,SeawayArgon
mg_WindowClose,To_SeawayArgon
ui,To
levelcomplete,Deterioration
mg_ui_levelcomplete,To_ui_Deterioration
addgold,Putrefy
mg_ui_addgold,To_To_Putrefy
addtoken,Hydrogen
mg_ui_addtoken,To_To_Hydrogen
addamazon,Diversion
mg_ui_addamazon,To_To_Diversion
Suspend,Blubber
GameSuspend,TrayBlubber
mg_GameSuspend,To_TrayBlubber
Item,Once
Change,Mildly
ItemChange,OnceChange
mg_ItemChange_,To_OnceChange_
Activity,Platelet
ActivityStateChange,PlateletMouthMildly
mg_ActivityStateChange_,To_PlateletMouthMildly_
Level,Video
LevelMaxLevelChange,VideoRubVideoMildly
mg_LevelMaxLevelChange,To_VideoRubVideoMildly
path,Five
path_GoldCoin_Sprite,Five_RockJazz_Course
Dimond,Smooth
path_Token_Sprite_Dimond,Five_Reply_Course_Smooth
TIMEOUT,TIMEOUT
BaseLoginUrl,HareEmptyEra
BaseConfigUrl,HareTenantEra
BaseTimeUrl,HareSignEra
BaseAdjustUrl,HarePunishEra
Code,Wale
GameCode,TrayWale
Channel,Percent
country,Reaumur
ConfigData,TenantSong
InitData,PaneSong
CashOut,TireSit
CashOut_Data,TireSit_Song
Manager,Cowhand
adManager,NoCowhand
gaid,Play
aid,Fen
idfa,Blue
ready_count,Syrup_South
Block,Knead
Rule,Leaf
BlockRule,KneadLeaf
DataFrom,SongBard
Str,Bay
UserDataStr,BushSongBay
UserData,BushSong
GetUserInfoCount,AllBushPainKnife
text,Girl
GetSuccess,AllAfflict
Fail,Seat
GetFail,AllSeat
DEFAULT,DEFAULT
DEFAULT_TIMEOUT,DEFAULT_TIMEOUT
RETRY,RETRY
COUNT,COUNT
MAX_RETRY_COUNT,MAX_RETRY_COUNT
INTERVAL,INTERVAL
RETRY_INTERVAL,RETRY_INTERVAL
request,Fateful
Tasks,Scowl
requestTasks,FatefulScowl
Net,Rim
Work,Beef
NetWorkGetList,RimWorkAllLane
Post,Rime
NetWorkPostList,RimBeefRimeLane
URL,URL
Form,Mail
PostSuccess,RimeAfflict
PostFail,RimeSeat
target,Pawnee
targetImage,PawneeGully
Hand,Flap
corners,Content
targetOffsetX,PawneeCreateX
targetOffsetY,PawneeCreateY
material,Together
currentOffsetX,SeattleCreateX
currentOffsetY,SeattleCreateY
shrink,Morale
shrinkTime,MoraleSign
event,Legal
Penetrate,Expensive
eventPenetrate,LegalExpensive
targetWidth,PawneeSpiky
targetHeight,PawneeDevour
Velocity,Exterior
shrinkVelocityX,MoraleExteriorX
shrinkVelocityY,MoraleExteriorY
center,Cannon
PoolQueue,HalfJules
m_PoolQueue,m_HalfJules
PoolName,HalfPoet
m_PoolName,m_HalfPoet
m_Parent,m_Kettle
prefab,Gentle
m_MaxCount,m_RubKnife
Default,Contest
DefaultMaxCount,ContestRubKnife
m_DefaultMaxCount,m_ContestRubKnife
PoolDic,HalfSee
m_PoolDic,m_HalfSee
Root,Ware
RootTransform,RootGeography
m_RootTransform,m_RootGeography
Toast,Force
ToastText,ForcePlot
Refresh,Comment
needStartRefresh,MimeSkillComment
Tracker,Utterly
TrackerName,UtterlyPoet
Adjust_TrackerName,Punish_UtterlyPoet
Save,Host
AP,AP
Save_AP,Host_AP
NormalModeName,MexicoWandPoet
Distances,Signature
Reason,Afloat
Log,Oil
StepLog,LimeLog
msgs,Hawk
daily,Visit
Gifts,Beast
dailyGifts,VisitBeast
endless,Moraine
Treasures,Essential
endlessTreasures,MoraineEssential
currentIndex,SeattleVenue
Attend,Limner
currentAttendTimes,SeattleLimnerUntie
Shop,Ease
ShopId,EaseDy
lastUpdateTime,ScanNormalSign
unlimited,Substrate
unlimitedTime,SubstrateSign
item,Vice
Groups,Commit
itemGroups,ViceCommit
levelDic,AngleSee
currentLevelIndex,SeattleVideoVenue
maxLevelIndex,YewVideoVenue
health,Harper
Cost,Jade
healthCost,HarperCost
ranks,Roman
user,Data
userNames,DataHypha
shops,Coach
shop,Lime
shopDict,shopRice
skins,Upset
skin,Feed
skinDict,FeedRice
skinTypes,FeedSlate
Skin,Goat
activeSkin,RecentGoat
attend,Within
attendTimes,WithinUntie
period,Crunch
periodStartTime,periodSkillSign
periodEndTime,CrunchWaySign
boxLevelData,BegVideoSong
Value,Front
currentValue,SeattleFront
Lv,My
currentLv,SeattleLv
Progress,Minimize
currentProgress,SeattleMinimize
value_type,Reign_Bath
comment,Holiday
icon,Tele
default,Dilemma
defaultValue,DilemmaFront
minValue,BigFront
maxValue,YewFront
item_id,Vice_An
item_num,Vice_Gut
itemgroup,Available
itemgroup_id,Available_An
gp,To
pid,Ago
gp_pid,gp_Ago
ios,Net
ios_pid,Net_Ago
shop_icon,Lime_Tele
purchase,Domestic
purchase_type,Domestic_Bath
price,Rapid
is_show,If_Busy
box_id,Beg_An
exp,Aid
exp_key,Aid_Wad
exp_value,Aid_Reign
item_value,Vice_Reign
skin_type,Feed_Bath
unlock,Dapple
unlock_type,Dapple_Bath
unlock_value,Dapple_Reign
unlock_level,Dapple_Angle
start_time,Trust_Dung
duration,Slowness
phases,Cannot
start_type,Trust_Bath
panel,Speak
auto,Wavy
auto_settlement,Wavy_Convection
overlap,Sixteen
auto_open_time,Wavy_Atom_Dung
priority,Mutually
auto_open_priority,Wavy_Atom_Mutually
shop_id,Lime_An
rank,Slot
rank_id,Slot_An
activity,Prestige
activity_id,Prestige_An
item_num_type,Vice_Gut_Bath
clear,Dense
clear_item,Dense_Vice
ranking,Nebular
max_ranking,Yew_Nebular
min_rank,Big_Slot
max_rank,Yew_Slot
Icon,Tusk
_Icon,_Tusk
score,Media
startTimes,TrustUntie
victory,Orbital
victoryTimes,OrbitalUntie
_data,_Rent
Indexes,Kinsman
rewardIndexes,RanchoKinsman
Rank,Down
myRank,ToDown
itemNum,ViceFix
users,Thing
Ranking,Termite
myRanking,ToTermite
locked,Abrupt
userName,DataPoet
currentNum,SeattleFix
actived,Version
game,Wife
gameSetting,WifeTestify
resource,Pancreas
itemGroup,ViceAlgae
expBox,AidFee
AppSetting,BedTestify
_AppSetting,_BedTestify
SYS,SYS
PATH,PATH
CANVAS,CANVAS
SYS_PATH_CANVAS,SYS_PATH_CANVAS
UIFORMS,UIFORMS
CONFIG,CONFIG
INFO,INFO
SYS_PATH_UIFORMS_CONFIG_INFO,SYS_PATH_UIFORMS_CONFIG_INFO
TAG,TAG
SYS_TAG_CANVAS,SYS_TAG_CANVAS
NORMAL,NORMAL
NODE,NODE
SYS_NORMAL_NODE,SYS_NORMAL_NODE
FIXED,FIXED
SYS_FIXED_NODE,SYS_FIXED_NODE
POPUP,POPUP
SYS_POPUP_NODE,SYS_POPUP_NODE
TOP,TOP
SYS_TOP_NODE,SYS_TOP_NODE
SCRIPTMANAGER,SCRIPTMANAGER
SYS_SCRIPTMANAGER_NODE,SYS_SCRIPTMANAGER_NODE
UICAMERA,UICAMERA
SYS_UICAMERA_NODE,SYS_UICAMERA_NODE
Click,Creed
onClick,IDCreed
onDown,IDVote
onEnter,IDSpeed
Exit,Kind
onExit,IDKind
onUp,IDID
Select,Trader
onSelect,IDTrader
onUpdateSelect,IDNormalTrader
dic,Set
Messages,Motivate
dicMessages,SetMotivate
_dicMessages,_SetMotivate
Key,Eon
_Key,_Eon
Values,Squash
_Values,_Squash
Instance,Envelope
_Instance,_Envelope
ht,No
GoCanvasRoot,IDStrictWare
_GoCanvasRoot,_IDStrictWare
Tra,Fen
Scripts,Partial
Node,Boss
TraUIScriptsNode,TraUIPartialNode
_TraUIScriptsNode,_TraUIPartialNode
To,Be
GoToPanel,IDBeSully
_GoToPanel,_IDBeSully
GoMaskPanel,IDViewSully
_GoMaskPanel,_IDViewSully
Camera,Cereal
UICamera,UICereal
_UICamera,_UICereal
Original,Buckskin
Depth,Boast
OriginalUICameraDepth,BuckskinUICerealBoast
_OriginalUICameraDepth,_BuckskinUICerealBoast
Instatnce,Guarantee
_Instatnce,_Guarantee
Lauguage,Generous
Cache,Knife
DicLauguageCache,SeeGenerousCache
_DicLauguageCache,_SeeGenerousCache
Current,Imagine
CurrentUIType,ImagineUILeap
_CurrentUIType,_ImagineUILeap
button,Backup
close_button,Whole_Backup
Main,Last
MainCanvas,LastStrict
Forms,Sedge
Paths,Pound
DicFormsPaths,SeeSedgePound
_DicFormsPaths,_SeeSedgePound
DicALLUIForms,SeeALLUISedge
_DicALLUIForms,_SeeALLUISedge
Sta,Hub
StaCurrentUIForms,HubImagineUISedge
_StaCurrentUIForms,_HubImagineUISedge
DicCurrentShowUIForms,SeeImagineCaneUISedge
_DicCurrentShowUIForms,_SeeImagineCaneUISedge
Wait,Stem
WaitUIForms,StemUISedge
_WaitUIForms,_StemUISedge
Transfrom,Fossilize
TraCanvasTransfrom,FenStrictFossilize
_TraCanvasTransfrom,_FenStrictFossilize
TraNormal,FenMexico
_TraNormal,_FenMexico
Fixed,Grasp
TraFixed,FenGrasp
_TraFixed,_FenGrasp
Pop,Bee
TraPopUp,FenPopID
_TraPopUp,_FenPopID
Top,Maw
_Top,_Top
TraUIScripts,FenUIPartial
_TraUIScripts,_FenUIPartial
TraUICamera,FenUICereal
_TraUICamera,_FenUICereal
PanelName,SullyPoet
PanelNameList,SullyPoetLane
uiFormName,ToMailPoet
Params,Puddle
uiFormParams,ToMailPuddle
Clear,Lomas
Reverse,Special
IsClearReverseChange,IfClearSpecialMildly
environment,Tentatively
has,Act
hasInit,ActPane
spacing,Counter
Last,Song
Safe,Tire
Area,Lade
LastSafeArea,LastSafeLade
ProgressImage,MinimizeGully
ProgressText,MinimizePlot
Tab,Who
TabName,WhoPoet
tab,You
Button,Carman
tabButton,YouCarman
Active,Beside
ActiveIcon,BesideTusk
Inactive,Intaglio
InactiveIcon,IntaglioTusk
items,Legal
Content,Earthen
Animation,Victorian
ActiveAnimationObj,BesideVictorianBoy
ActiveBG,BesideBG
InactiveBG,IntaglioBG
Color,Worth
ActiveColor,BesideWorth
InactiveColor,IntaglioWorth
ActiveTab,BesideWho
activeTabName,RecentWhoPoet
Panels,France
tabPanels,YouFrance
Callback,Mongolia
openCallback,AtomMongolia
mypageview,Externally
pos,Cod
posList,CodLane
Drag,Main
isDrag,IfMain
stopMove,TollFast
Horizontal,Vulnerable
targetHorizontal,PawneeVulnerable
startDragHorizontal,TrustMainVulnerable
smooting,Anathema
sensitivity,Speculative
On,My
OnPageChange,OnMaleMildly
currentPageIndex,SeattleMaleVenue
Cell,Dike
itemCell,ViceCell
scroll,Causal
scrollRect,CausalWare
totalWidth,FluteSpiky
totalHeight,FluteDevour
visible,Destine
visibleCount,visibleKnife
Clac,Nail
isClac,IfNail
startIndex,TrustVenue
lastIndex,ScanVenue
itemHeight,ViceDevour
itemList,ViceLane
visibleList,DestineLane
all,Foe
allList,FoeLane
LuckyWheelEnergy,ScopeElderAlpine
SpinCount,WindKnife
EMachineMode,EIntrudeWand
SlotTypesDic,BareSlateSee
WinRewards,GunFlatter
SpinTimes,WindUntie
DiamondCount,ViolentKnife
Curr,Week
CurrSpinCount,WeekWindKnife
GrandJackpot,SinceRestful
MajorJackpot,DramaRestful
MinorJackpot,AheadRestful
MiniJackpot,IncaRestful
DiamondNum,ViolentFix
Rewarded,Refreeze
IsRewarded,IfRefreeze
Volmue,Ratify
EffectVolmue,SaharaRatify
Frames,Legume
Ignore,Repair
IgnoreTimeScale,RepairSignGlass
currentCount,SeattleKnife
_currentCount,_SeattleKnife
currentRevenue,SeattleEyebrow
_currentRevenue,_SeattleEyebrow
Counter,Pretend
lastPlayTimeCounter,ScanYearSignPretend
counter,Chapter
counter101,Chapter101
counter102,Chapter102
counter103,Chapter103
pause,Often
pauseTimeInterstitial,OftenSignUnnoticeable
Package,Billion
PackageName,BillionPoet
Request,Flatten
RequestId,FlattenDy
Headers,Acreage
OnSuccess,MyAfflict
OnFail,MySeat
Retry,Ruler
RetryCount,RetryKnife
Timeout,Scenery
IsRunning,IfBooklet
Web,Fan
WebRequest,FanFlatten
Raw,Egg
RawData,EggSong
GetNetWorkGetListCount,AllRimBeefAllLaneKnife
GetNetWorkPostListCount,AllRimBeefRimeLaneKnife
CurrentIndex,ImagineVenue
EndTime,WaySign
AttendTimes,LimnerUntie
maxLevel,YewVideo
unlimit,Orbital
unlimit_health,unlimit_Harper
consecutive,Pointillist
wins,Tame
consecutive_wins,Pointillist_wins
remove,Quench
remove_ad,Quench_No
gb,Dy
skin_gb_1,Feed_gb_1
goldleaf,Coverage
recharge,Redefine
interval,Exchange
health_recharge_interval,Harper_Redefine_Exchange
cost,Doom
health_cost,Harper_cost
lv,So
strategy,Kohoutek
Collection,Centigrade
last_lv_strategy_Collection,Scan_lv_Kohoutek_Centigrade
Google,Hollow
Public,Outlet
GooglePublicKey,HollowOutletEon
Apple,Store
Cert,Area
AppleRootCert,StoreWareArea
Gift,Star
DailyGift,AvoidStar
Remove,Weapon
RemoveAd,WeaponSo
GoldBox,RockFee
Endless,Anemone
Treasure,Illusion
EndlessTreasure,AnemoneIllusion
Star,Flue
RankStar,DownFlue
ItemNumStr,OnceFixBay
Score,Heart
ItemNum,OnceFix
unlocked,Maritime
TabButton,WhoCarman
DataCount,SongKnife
LineHeight,HelpDevour
UpdateTime,NormalSign
UpdateMoney,NormalScant
MoneyToCashAnim,ScantBeTireLady
TimeCount,SignKnife
AddMoney,IonScant
Send,Wild
WaitToSendEvent,StemBeSendWorst
WaitToSendEvent1304,StemBeSendWorst1304
Count1304Time,Knife1304Sign
SendEvent,WildWorst
SendEvent1304,WildWorst1304
CashOutLog,TireSitOil
Operating,Siliceous
System,Finely
GetOperatingSystem,AllSiliceousFinely
UpdateUserInfo,NormalBushPain
GetWithdrawRule,AllDaughterLeaf
SendWithdrawEvent,WildDaughterWorst
GetWithdrawRecord,AllDaughterMosaic
Report,Fecund
Ecpm,Tone
ReportEcpm,FecundTone
EcpmRequestID,ToneFlattenID
Signature,Overgraze
EcpmSignatureMD,ToneOvergrazeMD
EcpmSignatureMD5,ToneOvergrazeMD5
ReportAdjustID,FecundPunishID
GetClientIP,AllDatingIP
GetRealIP,AllWillIP
GetRealIP_Step1,AllWillIP_Lime1
GetRealIP_Step2,AllWillIP_Lime2
Ds,An
ReportIDs,FecundIDs
Body,Jibe
GetReportIDsBody,AllFecundIAnJibe
ReportEvent,FecundWorst
GetNetworkInt,AllLobsterArc
Zone,Late
GetTimeZone,AllSignZone
LoadingTime,PacificSign
ReportEvent_LoadingTime,FecundWorst_PacificSign
Device,Always
DeviceInfo,AlwaysPain
ReportEvent_DeviceInfo,FecundWorst_AlwaysPain
AddTaskValue,IonOpenFront
UpdateTask,NormalOpen
UpdateRecord,NormalMosaic
PageUpBtnClick,MaleIDHopCreed
PageDownBtnClick,MaleVoteHopCreed
ShowGuide,CaneQuiet
CloseLoading,ArgonPacific
CloseLoading_UpdateUI,ArgonPacific_NormalUI
CloseLoading_Record,ArgonPacific_Mosaic
CloseLoading3,ArgonPacific3
CloseLoading_Withdraw,ArgonPacific_Daughter
OpenPanel,WindSully
ClosePanel,ArgonSully
StartLoadingAnim,SkillPacificLady
Stop,Sand
StopLoadingAnim,SandPacificLady
SendEvent_1301,WildWorst_1301
PopShow,BeeCane
Hide,Deck
PopHide,BeeDeck
ChangeNumber,MildlyPrimal
Best,Golf
GoldMoveBest,RockFastGolf
HorizontalScroll,VulnerableCanada
Collect,Classic
CollectAni,ClassicDon
Print,Aloud
Merge,Tooth
get,Odd
getCameraWidth,OddCerealSpiky
getCameraHeight,OddCerealDevour
World,Spain
getWorldPoint,OddSpainPride
Nearest,Acquire
GetNearestGameObject,AllAcquireTraySearch
Angle,Glide
PointToAngle,PrideBeGlide
Angle180To360,Glide180Be360
Unity,Cubic
GetUnityDirection,AllCubicMunicipal
True,Path
getTextureTrueSize,OddFlickerTrueSail
getSpriteSize,OddCourseSail
Touch,Crust
getTouchPosition,OddCrustBedcover
getWeightIndex,OddImportVenue
Random,Forget
Sequence,Gasoline
GetRandomSequence,AllForgetGasoline
Dictionary,Subsequent
StringToDictionary,TeacupBeSubsequent
DictionaryToString,SubsequentBeTeacup
Day,DNA
Diff,Drug
DayDateDiff,DNAPathDrug
Sec,Our
SecDateDiff,OurPathDrug
DateDiff,PathDrug
At,By
GetPosAtText,AllHatByPlot
By,No
DistanceByArea,ComposerByLade
Encrypt,Grizzly
EncryptDES,GrizzlyDES
Decrypt,Coating
DecryptDES,CoatingDES
Draw,Verb
Vertical,Daughter
DrawVertical,VerbVertical
DrawHorizontal,VerbVulnerable
Notification,Proboscidean
Permission,Psychology
RequestNotificationPermission,FlattenProboscideanPsychology
Initialize,Ecological
Notifications,Intrinsically
InitializeNotifications,EcologicalIntrinsically
ClearNotification,LomasProboscidean
CreateNotificationChannel,AdmireProboscideanPercent
Immediate,Medicinal
SendImmediateNotification,WildMedicinalProboscidean
Schedule,Fluidity
ScheduleNotification,FluidityProboscidean
Split,Worst
SplitCurve,SplitWhich
Extract,Outwork
Segment,Profile
ExtractCurveSegment,OutworkWhichProfile
Accuracy,Educable
TestSplitAccuracy,SpanWorstEducable
Map,Foe
Range,Label
MapValueToRange,MapFrontBeLabel
Ensure,Tactic
Bounds,Arouse
EnsureCurveBounds,TacticWhichArouse
RemoveKeyAtTime,WeaponEonBySign
Smooth,Gaslit
SmoothCurve,GaslitWhich
Smoothly,Populate
AddKeySmoothly,IonEonPopulate
GetObj,AllBoy
Push,Stir
PushObj,StirBoy
Calculate,Insoluble
Full,Give
CalculateFullHeightRange,InsolubleGiveDevourLabel
Outline,Approve
Vertices,Mismatch
AddOutlineVertices,IonOutlineMismatch
Dust,Swim
Restart,Liberty
DustRestart,SwimLiberty
Pointer,Rupture
IsPointerOverImage,IfRuptureCaveGully
ErasePoint,TreadPride
RefreshErasePercent,CommentTreadEyebrow
Reset,Excel
ResetState,ExcelMouth
Internal,Crucible
ResetInternal,ExcelCrucible
Set,Gun
Results,Serrate
SetResults,SetSerrate
SetResultsAnim,GunSerrateLady
Trailing,Dislodge
HideTrailing,DeckDislodge
Grid,Sick
GetGrid,AllSick
ResetBoard,ExcelQuite
SetGridState,GunSickMouth
SetAnimation,GunVictorian
SetGridNumber,GunSickPrimal
GetState,AllMouth
GetNumber,AllPrimal
StartGoldPigTimer,SkillRockEarTimid
OpenGoldPigTimer,WindRockEarTimid
Trigger,Nitinol
Luck,Sake
TriggerLuckWheel,NitinolSakeElder
ResetWheel,ExcelElder
Rotate,Hardly
SetBar,GunEel
IsTriggerLuckyWheel,IfNitinolScopeElder
Trail,Brant
ResetTrail,ExcelBrant
GetStartPos,AllSkillHat
SetSlotType,GunBareLeap
SpinAxis,WindNext
Replace,Bergere
ReplaceSlot,BergereBare
GetSlot,AllBare
SpinEnd,WindWay
CreateNewSlot,AdmireEatBare
ResetSlotAnim,ExcelBareLady
SetSlot,GunBare
ChangeSlot,MildlyBare
PlayAnimation,YearVictorian
CloseAnim,ArgonLady
ResetAnimation,ExcelVictorian
Magic,Radar
TriggerMagicBug,NitinolRadarLow
ShowGuideLine,CaneQuietHelp
Coroutine,Fascinate
ShowGuideLineCoroutine,CaneQuietHelpFascinate
HideGuideLine,DeckQuietHelp
CloseLayout,ArgonAbroad
StartSpin,SkillWind
AxisMoveEnd,NextFastWay
MagicBugCoroutine,RadarLowFascinate
ShowGuideCoroutine,CaneQuietFascinate
HideGuide,DeckQuiet
ShowFastBox,CaneLoadFee
GetSlotTypes,AllBareSlate
Use,Era
UseSpin,UseWind
Spine,Entry
AddSpine,IonEntry
OpenSpinTimer,WindWindTimid
SendCoroutine,WildFascinate
WinRewardsRewarded,GunFlatterRefreeze
MagicBugTrigger,RadarLowNitinol
GetWin,AllGun
Scratch,Foundry
ScratchTrigger,FoundryNitinol
Scatter,Dismiss
GetScatterMiniGame,AllScatterIncaTray
Bonus,India
BonusTrigger,IndiaNitinol
GetSlotType,AllBareLeap
GetAnimationSlot,AllVictorianBare
GetJackpot,AllRestful
AddJackpot,IonRestful
ResetJackpot,ExcelRestful
gameInit,WifePane
ResetSettlement,ExcelFriendship
GetSettlementState,AllFriendshipMouth
SettlementEnd,FriendshipWay
StartSettlement,SkillFriendship
Settlement_Normal_Coroutine,Friendship_Mexico_Fascinate
FreeSpin,HairWind
Settlement_FreeSpin_Coroutine,Friendship_HairWind_Fascinate
ShowWin,CaneGun
ShowWinPanel,CaneGunSully
ShowLine,CaneHelp
WinAnim,GunLady
And,Ail
ShowWinAndBoostAnim,CaneGunAilAmpleLady
ShowScratch,CaneFoundry
OpenScratchPanel,WindFoundrySully
ShowLuckyWheel,CaneScopeElder
AddLuckWheelEnergy,IonSakeElderAlpine
ShowScatterMiniGame,CaneDismissIncaTray
OpenScatterMiniGamePanel,WindDismissIncaTraySully
SetModeFreeSpin,GunWandHairWind
ShowFreeSpinAnim,CaneHairWindLady
Chang,Shell
ChangFreeSpinMode,ShellHairWindWand
Can,Kea
SpinBtnCanClick,WindHopKeaCreed
StartTimer,SkillTimid
Complete,Capacity
IsTimerComplete,IfTimidCapacity
Resume,Mortal
ResumeTimer,MortalTimid
StopTimer,SandTimid
RunTimer,RatTimid
Format,Bridge
FormatTime,BridgeSign
Prefs,Irish
SaveTimerToPlayerPrefs,HostTimidBePlungeIrish
Shake,Burin
Shark,Fresh
SetSharkOpen,GunFreshWind
IsShakeOpen,IfBurinWind
Watch,Birch
WatchAdBtnClick,WatchSoHopCreed
Give,Plan
GiveUpBtnClick,PlanIDHopCreed
ShowInfo,CanePain
Choose,Causal
ChooseNumber,ChoosePrimal
Compare,Concise
CardCompare,OdorConcise
CloseCards,ArgonBelie
OpenCards,WindBelie
ShowRewardPanel,CaneRedbudSully
ShowWatchAdPanelCoroutine,CaneBirchSoSullyFascinate
CloseCoroutine,ArgonFascinate
WatchAd,BirchSo
GetReward,AllRedbud
WatchAdAdd,BirchSoIon
ChancesBtnClick,IcebergHopCreed
WatchAdAdd8ChancesBtnClick,BirchSoIon8IcebergHopCreed
StartBtnClick,SkillHopCreed
Cleopatra,Underlies
SetCleopatraAnim,GunUnderliesLady
AutoSpin,YearWind
SlotSpin,BareWind
FiveFSSpin,HeatFSWind
FiveFSSettlement,HeatFSFriendship
FiveFSMaskClose,HeatFSViewArgon
FiveFreeSpinSettlement,HeatHairWindFriendship
Settlemented,Organization
FiveFSSettlemented,HeatFSOrganization
UpdateWinRewards,NormalGunFlatter
MagicBugEnd,RadarLowWay
FlyDiamond,OilViolent
Statue,Vanish
SetStatueState,GunVanishMouth
Adaptation,Mercantile
SetRewardsBoxSize,GunFlatterFeeSail
All,Gem
WatchAdRewardAll,BirchSoRedbudGem
Reward10Percent,Redbud10Eyebrow
WatchAdRewardDouble,BirchSoRedbudShield
ShowRewardAndClose,CaneRedbudAilArgon
ShowAni,CaneDon
RewardBtnClick,RedbudHopCreed
GetDiamond,AllViolent
CloseBtnClick,ArgonHopCreed
Claim,Pupil
Claim10Percent,Pupil10Eyebrow
ShowAnimation,CaneVictorian
PlayAnim,YearLady
Creat,Audio
CreatCard,AudioOdor
Mark,Tilt
MarkToggle,TiltClever
watchAdBtnClick,HarshSoHopCreed
ClaimReward,PupilRedbud
ShowStep,CaneLime
ShowStep1,CaneLime1
ShowStep2,CaneLime2
BtnClick,HopCreed
Step1BtnClick,Lime1HopCreed
After,Epoch
Delay,Guild
AfterDelay,EpochGuild
ShowStep2AfterDelay,CaneLime2EpochGuild
Step2BtnClick,Lime2HopCreed
OpenBoxBtnClick,WindFeeHopCreed
OpenBox,WindFee
KeysBtnClick,DoomHopCreed
Add3KeysBtnClick,Ion3DoomHopCreed
Jars,Blip
CloseJars,ArgonBlip
OpenJars,WindBlip
BackBtnClick,YaleHopCreed
LightStart,ClimbSkill
closePanel,WholeSully
CanStart,KeaSkill
Scrape,Suburb
Off,Hem
Coating,Culture
ScrapeOffCoating,SuburbHemCulture
ShowSettlement,CaneFriendship
MusicBtnClick,AnnexHopCreed
Sound,Crowd
SoundBtnClick,CrowdHopCreed
Vibration,Northeast
VibrationBtnClick,NortheastHopCreed
Directions,Regulatory
DirectionsBtnClick,RegulatoryHopCreed
ClaimFirst,PupilBless
Claim50Percent,Pupil50Eyebrow
InitAudioSourceQueue,PaneNightSpinetJules
For,His
Audo,Slam
AddAudioSourceForAudoMgr,IonNightSpinetHisSlamBee
GetAudioComponent,AllNightSouthward
Un,By
UnUseAudioComponent,UnEraNightSouthward
set,Mow
Bgm,All
One,Web
setBgmCloseOneTime,MowBgmArgonWebSign
setBgmReplaceOneTime,MowAllBergereWebSign
CheckUnUseAudioComponent,NightByEraNightSouthward
SetAllEffectVolume,GunGemSaharaBreech
PlayBgBase,YearMeHare
PlayNewBg,YearEatMe
PlayEffectBase,YearSaharaHare
PlayBg,YearMe
PlayEffect,YearSahara
getVolume,OddBreech
PlayLoop,YearRest
StopLoop,SandRest
Load,Hiss
SetBool,GunHawk
GetBool,AllHawk
SetString,GunTeacup
GetString,AllTeacup
SetFloat,GunTouch
GetFloat,AllTouch
SetInt,GunArc
GetInt,AllArc
Array,Cheep
SetIntArray,GunArcCheep
GetIntArray,AllArcCheep
SetFloatArray,GunTouchCheep
GetFloatArray,AllTouchCheep
SetStringArray,GunTeacupCheep
GetStringArray,AllTeacupCheep
Vector,Secure
SetVector,GunSecure
SetVector2,GunSecure2
GetVector,AllSecure
GetVector2,AllSecure2
SetVector3,GunSecure3
GetVector3,AllSecure3
Quaternion,Delightful
SetQuaternion,GunDelightful
GetQuaternion,AllDelightful
SetDouble,GunShield
GetDouble,AllShield
Do,At
DoUpdate,DoNormal
Anchor,Urchin
SetAnchor,GunUrchin
Pivot,Woody
SetPivot,GunWoody
layout,Heyday
layoutAction,HeydayGibbon
AdjustInit,PunishPane
SaveAdjustAdid,HostPunishJump
GetAdjustAdid,AllPunishJump
Status,Encase
GetAdjustStatus,AllPunishEncase
InitAdjustData,PanePunishSong
Act,Jay
AddActCount,IonJayKnife
AddAdCount,IonSoKnife
LoadAdjustOnAct,HissPunishMyJay
ResetActCount,ExcelJayKnife
GetAdjustTime,AllPunishSign
setAdjustAdid,MowPunishJump
Ads,Sod
InitializeRewardedAds,EcologicalRefreezeSod
LoadRewardedAd,HissRefreezeSo
LoadInterstitial,HissUnnoticeable
play,Burn
Video,Thumb
playRewardVideo,BurnRedbudThumb
playInterstitialAd,BurnUnnoticeableSo
playInterstitial,BurnUnnoticeable
Repeat,Hunger
Method,Oxygen
RepeatMethod,HungerOxygen
Thanks,Cither
NoThanksAddCount,ToCitherIonKnife
PauseTimeInterstitial,NeedySignUnnoticeable
ResumeTimeInterstitial,MortalSignUnnoticeable
Trial,Light
UpdateTrialNum,NormalLightFix
Register,Waterway
RegisterPlayCallback,WaterwayYearMongolia
AfterAdPlaySuccess,EpochSoYearAfflict
GetTotalAdNum,AllPurgeSoFix
Pin,Low
Market,Willow
OpenAPPinMarket,WindAPPinWillow
gaidAction,PlayGibbon
aidAction,FenGibbon
idfaSuccess,BlueAfflict
idfaFail,BlueSeat
Country,Novelty
getCountry,OddNovelty
GetConfigData,AllTenantSong
Loaction,Upcoming
GetLoactionData,AllUpcomingSong
SetConfigData,GunTenantSong
GameReady,TrayGrope
SendAdjustAdid,WildPunishJump
GetUserInfo,AllBushPain
Re,So
ReGetUserInfo,ReAllBushPain
autoMessage,WavyCatalog
Para,Host
SendNoParaEvent,WildToParaWorst
send,Sect
sendGameProgress,SectTrayMinimize
SendPost,WildRime
endRequest,WitFlatten
Http,Gain
HttpGet,GainAll
HttpPost,GainRime
Json,Etch
HttpPostJson,GainRimeEtch
Process,Satiric
ProcessRequest,SatiricFlatten
CreateWebRequest,AdmireFanFlatten
Cleanup,Viscera
CleanupRequest,VisceraFlatten
Cancel,Afraid
CancelRequest,AfraidFlatten
Requests,Whenever
CancelAllRequests,AfraidGemWhenever
SetTargetImage,GunRarityGully
ShowHand,CaneFlap
WorldToCanvasPos,SpainBeStrictHat
HandAnimation,FlapVictorian
Recycle,Emotion
RecycleAll,EmotionGem
Destroy,Adverse
CreateObjectPool,AdmireSearchHalf
GetGameObject,AllTraySearch
RecycleGameObject,EmotionTraySearch
Query,Sully
QueryPool,QueryHalf
GetInstance,AllEnvelope
autoCloseToast,WavyArgonForce
ShowToast,CaneForce
setContentLayout,MowEarthenAbroad
IsApple,IfStore
Online,Thirst
CheckOnlineData,NightThirstSong
GetDistance,AllComposer
Android,Crumple
AndroidBlockCheck,CrumpleKneadNight
Editor,Plight
IsEditor,IfPlight
Portrait,Landless
IsPortrait,IfLandless
LocalPoint,CrampPride
Screen,Convex
ScreenPoint,ConvexPride
LocalPoint2ScreenPoint,CrampPride2ConvexPride
ScreenPoint2LocalPoint,ConvexPride2CrampPride
Of,At
GetWorldPositionOfRectTransform,AllSpainBedcoverOfWareGeography
GetTimestamp,AllDrugstore
DateTimeFormat,PathSignBridge
SecondsToDateTime,ArabianBePathSign
SecondsFormat,ArabianBridge
SecondsFormat2,ArabianBridge2
DoubleToStr,ShieldBeBay
GetWeightRandom,AllImportForget
GetWeightRandomIndex,AllImportForgetVenue
In,Ax
Chance,Steady
InChance,AxSteady
Shuffle,Variety
ShuffleArray,VarietyCheep
Enum,Yuan
ToEnum,BeYuan
GetMessage,AllCatalog
Sub,Bee
CreateSubActivity,AdmireSubPlatelet
Serialize,Radically
GetSerializeData,AllRadicallySong
GetActivityById,AllPlateletNoDy
Activities,Perishable
GetActivities,AllPerishable
UpdateActivityState,NormalPlateletMouth
SetSetting,GunTestify
GetCurrentIndex,AllImagineVenue
GetAllSetting,AllGemTestify
GetRewardByIndex,AllRedbudNoVenue
SetData,GunSong
GetData,AllSong
IsEffect,IfSahara
Buy,Gel
GetRewards,AllFlatter
GetBoxDataById,AllFeeSongNoDy
GetSettingById,AllTestifyNoDy
Calc,Lean
Health,Outcry
CalcCurrentHealth,LeanImagineOutcry
GetCurrentHealth,AllImagineOutcry
Unlimited,Sugarlike
IsUnlimitedState,IfSugarlikeMouth
Countdown,Represent
UnlimitedCountdown,SugarlikeRepresent
IsFull,IfGive
UseHealth,EraOutcry
AddHealth,IonOutcry
AddUnlimitedTime,IonSugarlikeSign
Enough,Digest
IsHealthEnough,IfOutcryDigest
StartLevel,SkillVideo
Victory,Creator
LevelVictory,VideoCreator
LevelFail,VideoSeat
InitUserNames,PaneBushHypha
GetRankById,AllDownNoDy
AddItemValue,IonOnceFront
AddItemGroup,IonOnceAlgae
SetItemValue,GunOnceFront
GetItemById,AllOnceNoDy
GetItemGroupById,AllOnceAlgaeNoDy
Ids,Age
GetItemGroupByIds,AllOnceAlgaeNoAge
GetShopList,AllEaseLane
GetShopById,AllEaseNoDy
Distribute,Laboratory
DistributeRewards,LaboratoryFlatter
Skins,Whole
GetAllSkinsOfType,AllGemSkinsAtLeap
GetSkinsByType,AllWholeNoLeap
Unlock,Lazuli
UnlockSkin,LazuliGoat
ActiveSkin,BesideGoat
Exp,USA
UnlockByExp,LazuliNoUSA
CalculateState,InsolubleMouth
ChangeActivityState,MildlyPlateletMouth
Period,Emboss
StartNewPeriod,SkillEatEmboss
AttendActivity,LimnerPlatelet
NeedShow,HeedCane
SetSettingData,GunTestifySong
GetBoxLevelDataByLv,AllFeeVideoSongNoMy
GetBoxLevelDataFromLv,AllFeeVideoSongBardMy
AddCurrentValue,IonImagineFront
CalculateLv,InsolubleMy
AddValue,IonFront
SetValue,GunFront
AddScore,IonHeart
AddStartTimes,IonSkillUntie
AddVictoryTimes,IonCreatorUntie
SetRewards,GunFlatter
CalculateRank,InsolubleDown
GetRewardByRanking,AllRedbudNoTermite
ClearData,LomasSong
AddNum,IonFix
CanBuy,KeaGel
SetActive,GunBeside
SaveData,HostSong
Handle,Expand
HandleInterval,ExpandEvaluate
GetAppSettingMaxNumber,AllBedTestifyRubPrimal
Analysis,Ultimate
InitAndAnalysisJson,PaneAilUltimateEtch
Msg,Cop
Listener,Disposal
AddMsgListener,IonCopDisposal
RemoveMsgListener,WeaponCopDisposal
ClearAllMsgListener,LomasGemCopDisposal
SendMessage,WildCatalog
Resource,Globally
LoadResource,HissGlobally
Asset,Allay
LoadAsset,HissAllay
SetMaskWindow,GunViewSeaway
HideMaskWindow,DeckViewSeaway
CancelMaskWindow,AfraidViewSeaway
Find,Lush
The,Cab
Child,Algae
FindTheChildNode,LushTheChildBoss
GetTheChildNodeComponentScripts,AllCabAlgaeBossSouthwardPartial
AddChildNodeComponent,IonAlgaeBossSouthward
AddChildNodeToParentNode,IonAlgaeBossBeKettleBoss
ShowText,CanePlot
InitLauguageCache,PaneGenerousKnife
FindChildAddComponent,LushAlgaeIonSouthward
Freeze,Elicit
Rigister,Minimize
RigisterButtonObjectEvent,RigisterCarmanSearchWorst
OpenUIForm,WindUIMail
CloseUIForm,ArgonUIMail
Receive,Husband
ReceiveMessage,HusbandCatalog
AddPanel,IonSully
SubPanel,BeeSully
InitRootCanvasLoading,PaneWareStrictPacific
ShowUIForms,CaneUISedge
Or,Ox
Return,Openly
CloseOrReturnUIForms,ArgonOxOpenlyUISedge
ShowNextPopUp,CaneHailBeeID
ClearWaitUIForms,LomasStemUISedge
Catch,Aloud
LoadFormsToALLUIFormsCatch,HissSedgeBeALLUISedgeCatch
LoadUIForm,HissUIMail
EnterUIFormsCache,SpeedUISedgeKnife
ExitUIFormsCache,KindUISedgeKnife
Formst,Parcel
Other,Boule
EnterUIFormstToCacheHideOther,SpeedUIParcelBeKnifeDeckBoule
EnterUIFormsCacheWaitClose,SpeedUISedgeKnifeStemArgon
ExitUIFormsFromCacheAndShowOther,KindUISedgeBardKnifeAilCaneBoule
PushUIForms,StirUISedge
PopUIForms,BeeUISedge
InitUIFormsPathsData,PaneUISedgePoundSong
InitCamera,PaneCereal
Stack,Debut
ClearStackArray,LomasDebutCheep
GetCurrentFormStack,AllImagineMailDebut
GetPanelByName,AllSullyNoPoet
Opening,Orbital
GetOpeningPanels,AllOpeningFrance
RefreshLayout,CommentAbroad
Apply,Faint
ApplySafeArea,FaintTireLade
RefreshProgress,CommentMinimize
OpenTab,WindWho
ActiveBgAnimation,BesideMeVictorian
RegisterCallback,WaterwayMongolia
SetActiveUI,GunBesideUI
pagechange,Constitute
SetPageIndex,GunMaleVenue
UpdateItem,NormalOnce
PopItem,BeeOnce
PushItem,StirOnce
AddItem,IonOnce
CashOutManager,TireSitCowhand
Response,Seashore
CashOutResponseData,TireSitResponseSong
BaseResponse,HareSeashore
Request_Login,Flatten_Empty
Response_User,Seashore_Bush
RequestData,FlattenSong
RequestData_Withdraw,FlattenSong_Daughter
Response_Withdraw,Seashore_Daughter
WithdrawRule,DaughterLeaf
Response_WithdrawRule,Seashore_DaughterLeaf
WithdrawRuleData,DaughterLeafSong
WithdrawRecord,DaughterMosaic
Response_WithdrawRecord,Seashore_DaughterMosaic
WithdrawRecordData,DaughterMosaicSong
WithdrawRecordItem,DaughterMosaicOnce
RequestData_ReportEcpm,FlattenSong_FecundTone
Response_Ecpm,Seashore_Tone
RequestData_ReportAdjustID,FlattenSong_FecundPunishID
RequestData_ReportEvent,FlattenSong_FecundWorst
RequestData_ReportEvent_Event,FlattenSong_FecundWorst_Worst
Controller,Microscope
AnimationController,VictorianMicroscope
CustomPrint,PaddleAloud
Dictionaries,Compensation
MergeDictionaries,ToothCompensation
GetSystemData,AllFinelySong
GradientColor,AmnioticWorth
NotificationManager,ProboscideanCowhand
Global,Listen
GlobalData,ListenSong
Splitter,Activity
AnimationCurveSplitter,VictorianWhichActivity
GameObjectPool,TraySearchHalf
Press,Place
LongPressButton,BonyPlaceCarman
TextOutline,PlotApprove
Handler,Misdeed
EraseHandler,TreadMisdeed
FiveFSBoard,HeatFSQuite
FiveFSBoardGrid,HeatFSQuiteSick
GoldPigShow,RockEarCane
LuckyWheel,ScopeElder
LuckyWheelBar,ScopeElderEel
MachineAxis,IntrudeNext
Match,Tepee
Match3_Cards,Tepee3_Belie
SlotsBoard,LargeQuite
SpinShow,WindCane
CumulativePoint,ProficientPride
GameDataManager,TraySongCowhand
GameManager,TrayCowhand
JackpotManager,RestfulCowhand
MainManager,LastCowhand
SettlementAnimManager,FriendshipLadyCowhand
TimerManager,TimidCowhand
TimerData,TimidSong
VibrationManager,NortheastCowhand
Spins,Comic
AddSpinsPanel,IonComicSully
BlockPanel,KneadSully
CompareSizePanel,ConciseSailSully
CompareSizeWatchAdPanel,ConciseSailBirchSoSully
FiveFSRewardPanel,HeatFSRedbudSully
GamePanel,TraySully
GeneralRewardPanel,DestineRedbudSully
GoldPigPanel,RockEarSully
Jack,Coil
Pot,Hot
JackPotPanel,CoilHotSully
LoadingPanel,PacificSully
Match3Panel,Tepee3Sully
Minigame,Stimulus
MinigameRewardPanel,StimulusRedbudSully
NewPlayerGuidePanel,EatPlungeQuietSully
OpenBoxPanel,WindFeeSully
Paytable,Sunbaked
PaytablePanel,SunbakedSully
Us,Go
RateUsPanel,SelfUsSully
ScratchPanel,FoundrySully
SettingPanel,TestifySully
WinPanel,GunSully
Model,Eight
AudioModel,NightEight
AudioSourceQueue,NightSpinetJules
MusicMgr,AnnexBee
Resources,Territory
MusicResourcesMgr,AnnexTerritoryBee
MusicType,AnnexLeap
Common,Hammer
CommonConfig,HammerTenant
SaveDataManager,HostSongCowhand
Animator,Coincide
FrameAnimator,NomadCoincide
Archor,Marvel
Tool,Slow
ArchorTool,MarvelSlow
AutoLayout,YearAbroad
AdjustInitManager,PunishPaneCowhand
ADManager,ADCowhand
CustomData,PaddleSong
Ad_CustomData,So_PaddleSong
RateUsManager,SelfGoCowhand
Center,Locate
Logic,Flint
MessageCenterLogic,CatalogLocateFlint
MessageData,CatalogSong
CConfig,CTenant
NetInfoMgr,RimPainBee
Script,Herald
PostEventScript,RimeWorstHerald
NetWorkGetObject,RimBeefAllSearch
NetWorkManager,RimBeefCowhand
RequestTask,FlattenOpen
NetWorkPostObject,RimBeefRimeSearch
Guidance,Minimize
GuidanceEventPenetrate,GuidanceWorstExpensive
NewUserGuidePanel,EatBushQuietSully
RectGuideMask,WareQuietView
ObjectPool,SearchHalf
ObjectPoolManager,SearchHalfCowhand
Mono,Fond
Singleton,Glandular
MonoSingleton,FondGlandular
ToastManager,ForceCowhand
View,Rime
ScrollViewContentLayout,CanadaViewEarthenAbroad
Util,Loam
CommonUtil,HammerLoam
DateUtil,PathLoam
NumberUtil,PrimalLoam
RandomUtil,ForgetLoam
StringUtil,TeacupLoam
ErrorCodeMessage,LomasWaleCatalog
Ctrl,Flag
ActivityCtrl,PlateletFlag
ActivityDailyGiftCtrl,PlateletAvoidStarFlag
ActivityEndlessTreasureCtrl,PlateletAnemoneIllusionFlag
ActivityRemoveAdCtrl,PlateletWeaponSoFlag
ExpBoxCtrl,USAFeeFlag
GameSettingCtrl,TrayTestifyFlag
HealthCtrl,OutcryFlag
ItemGroupCtrl,OnceAlgaeFlag
LevelCtrl,VideoFlag
RankCtrl,DownFlag
ResourceCtrl,GloballyFlag
ShopCtrl,EaseFlag
SkinCtrl,GoatFlag
ActivityData,PlateletSong
ExpBox,USAFee
ExpBoxData,USAFeeSong
GameSettingDB,TrayTestifyDB
ItemDB,OnceDB
ItemGroupDB,OnceAlgaeDB
ShopDB,EaseDB
ExpBoxDB,USAFeeDB
SkinDB,GoatDB
ActivityDB,PlateletDB
ActivityDailyGiftDB,PlateletAvoidStarDB
ActivityEndlessTreasureDB,PlateletAnemoneIllusionDB
RankDB,DownDB
RankRewardDB,DownRedbudDB
ResourceDB,GloballyDB
SettingDB,TestifyDB
ActivityCtrlDB,PlateletFlagDB
ItemData,OnceSong
ItemGroup,OnceAlgae
LevelData,VideoSong
RankData,DownSong
RankUser,DownBush
ShopData,EaseSong
SkinData,GoatSong
DataManager,SongCowhand
ConfigManagerByJson,TenantCowhandNoEtch
KeyValuesInfo,EonSquashPain
KeyValuesNode,EonSquashBoss
Sys,Hue
Define,Canvas
SysDefine,HueCanvas
EventTriggerListener,WorstNitinolDisposal
MessageCenter,CatalogLocate
KeyValuesUpdate,EonSquashNormal
Anlysis,Amateur
Exception,Threshold
JsonAnlysisException,EtchAmateurThreshold
ResourcesMgr,TerritoryBee
UIMaskMgr,UIViewBee
Helper,Margin
UnityHelper,CubicMargin
LauguageMgr,GenerousBee
BaseUIForms,HareUISedge
UIManager,UICowhand
UIFormParams,UIMailPuddle
UIType,UILeap
InitializeUGS,EcologicalUGS
AutoLayoutVertical,YearAbroadDaughter
Adapter,Amplify
SafeAreaAdapter,TireLadeAmplify
ProgressUI,MinimizeUI
TabItem,WhoOnce
TabController,WhoMicroscope
TabItemController,WhoOnceMicroscope
Control,Inanity
MaskControl,ViewInanity
PageView,MaleRime
ScrollView,CanadaRime
ScrollViewItem,CanadaRimeOnce
Sound_BGM,Crowd_BGM
BGM_Bonus,BGM_India
SFX,SFX
spins,Prowl
SFX_Add8spins,SFX_Ion8Prowl
Final,Elder
Result,Meteor
FinalResult,ElderMeteor
SFX_FinalResult,SFX_ElderMeteor
Fire,Rape
FireBallC,RapeUponC
SFX_FireBallC,SFX_RapeUponC
FireBallD,RapeUponD
SFX_FireBallD,SFX_RapeUponD
FireBallW,RapeUponW
SFX_FireBallW,SFX_RapeUponW
SFX_GrandJackpot,SFX_SinceRestful
JackpotLoop,RestfulRest
SFX_JackpotLoop,SFX_RestfulRest
SFX_MajorJackpot,SFX_DramaRestful
Mega,Soul
MegaJackpot,SoulRestful
SFX_MegaJackpot,SFX_SoulRestful
SFX_MiniJackpot,SFX_IncaRestful
SFX_MinorJackpot,SFX_AheadRestful
LuckyWheelGet,ScopeElderAll
SFX_LuckyWheelGet,SFX_ScopeElderAll
Rolling,Prairie
LuckyWheelRolling,ScopeElderPrairie
SFX_LuckyWheelRolling,SFX_ScopeElderPrairie
BGM_Scatter1,BGM_Dismiss1
BGM_Scatter2,BGM_Dismiss2
Link,Idea
SFX_3Link,SFX_3Idea
Jar,Map
Break,Tooth
JarBreak,MapTooth
SFX_JarBreak,SFX_MapTooth
Lost,Gram
SFX_Lost,SFX_Gram
SFX_Scatter1Win,SFX_Dismiss1Gun
SFX_Switch,SFX_Enigma
SwitchOpen,EnigmaWind
SFX_SwitchOpen,SFX_EnigmaWind
SFX_Scratch,SFX_Foundry
ScratchReward,FoundryRedbud
SFX_ScratchReward,SFX_FoundryRedbud
BGM_Main,BGM_Last
BonusStart,IndiaSkill
SFX_BonusStart,SFX_IndiaSkill
Slash,Paint
BugSlash,LowPaint
SFX_BugSlash,SFX_LowPaint
CollectReward,ClassicRedbud
SFX_CollectReward,SFX_ClassicRedbud
DoubleRewards,ShieldFlatter
SFX_DoubleRewards,SFX_ShieldFlatter
High,Tale
HighRate,TaleSelf
SFX_HighRate3Slot,SFX_TaleSelf3Bare
SFX_HighRate4slot,SFX_TaleSelf4Coat
SFX_HighRate5slot,SFX_TaleSelf5Coat
HighRateRolling,TaleSelfPrairie
SFX_HighRateRolling,SFX_TaleSelfPrairie
Little,Poorly
LittleWin,PoorlyGun
SFX_LittleWin,SFX_PoorlyGun
Enrgy,Sleek
LuckyWheelEnrgy,ScopeElderSleek
SFX_LuckyWheelEnrgy,SFX_ScopeElderSleek
LuckyWheelSwitch,ScopeElderEnigma
SFX_LuckyWheelSwitch,SFX_ScopeElderEnigma
MiniGame,IncaTray
SFX_MiniGame,SFX_IncaTray
Piggy,Jules
Bank,Fold
PiggyBankShake,JulesFoldBurin
SFX_PiggyBankShake,SFX_JulesFoldBurin
SIconGet,STuskAll
SFX_SIconGet,SFX_STuskAll
SlotsRolling,LargePrairie
SFX_SlotsRolling,SFX_LargePrairie
SlotsStopNormal,LargeSandMexico
SFX_SlotsStopNormal,SFX_LargeSandMexico
SpinButton,WindCarman
SFX_SpinButton,SFX_WindCarman
Sound_GoldCoin,Crowd_RockJazz
Arm,Ape
Bandit,Dating
OneArmBandit,WebApeDating
Sound_OneArmBandit,Crowd_WebApeDating
Sound_PopShow,Crowd_BeeCane
UIButton,UICarman
Sound_UIButton,Crowd_UICarman
Big,Sow
BigWin,SowGun
SFX_BigWin,SFX_SowGun
Epic,Firn
EpicWin,FirnGun
SFX_EpicWin,SFX_FirnGun
MegaWin,SoulGun
SFX_MegaWin,SFX_SoulGun
Super,Value
SuperBigWin,ValueSowGun
SFX_SuperBigWin,SFX_ValueSowGun
SuperMegaWin,ValueSoulGun
SFX_SuperMegaWin,SFX_ValueSoulGun
WinLoop,GunRest
SFX_WinLoop,SFX_GunRest
SFX_HighRate3slot,SFX_TaleSelf3Coat
Ankh,Line
Match3_Ankh,Tepee3_Line
Match3_Bug,Tepee3_Low
Clopatra,Calotype
Match3_Clopatra,Tepee3_Calotype
Honus,Bowel
Match3_Honus,Tepee3_Bowel
Match3_Jar,Tepee3_Map
Ring,Spar
Match3_Ring,Tepee3_Spar
Scepter,Pliable
Match3_Scepter,Tepee3_Pliable
MoveFx,FastUp
MoveFx_Boost,FastUp_Ample
MoveFx_Win,FastUp_Gun
RewardCry,RedbudCan
OpenBox_RewardCry,WindFee_RedbudCan
RewardDiamond,RedbudViolent
OpenBox_RewardDiamond,WindFee_RedbudViolent
RewardMajor,RedbudDrama
OpenBox_RewardMajor,WindFee_RedbudDrama
RewardMini,RedbudInca
OpenBox_RewardMini,WindFee_RedbudInca
RewardMinor,RedbudAhead
OpenBox_RewardMinor,WindFee_RedbudAhead
RewardScorpion,RedbudNearness
OpenBox_RewardScorpion,WindFee_RedbudNearness
RewardSkull,RedbudStunt
OpenBox_RewardSkull,WindFee_RedbudStunt
WinBall,GunUpon
CollectEffect,ClassicSahara
JackpotPanel,RestfulSully
ErrorCode,LomasWale
ICtrl,IFlag
IAPManager,IAPCowhand
IConfigManager,ITenantCowhand

