Need,Game
Delete,Degree
NeedDelete,GameDegree
is,If
Test,Vest
isTest,IfVest
Keys,Tale
dir,Bud
color,Prone
color1,Prone1
color2,Prone2
range,Tough
Flip,Kiwi
CHANNEL,CHANNEL
ID,ID
CHANNEL_ID,CHANNEL_ID
url,One
Scheme,Splash
urlScheme,OneSplash
spine,Teach
Anim,Chew
Name,Lady
Map,Yet
spineAnimNameMap,TeachChewLadyYet
Long,Dash
isLong,IfDash
hold,Must
Time,Anew
holdTime,MustAnew
Holding,Jewelry
isHolding,IfJewelry
_isHolding,_IfJewelry
timer,Delta
_timer,_Delta
m,m
Effect,Methyl
Color,Smoky
EffectColor,MethylSmoky
m_EffectColor,m_MethylSmoky
Distance,Historic
EffectDistance,MethylHistoric
m_EffectDistance,m_MethylHistoric
Fade,Mule
Steps,Trunk
FadeSteps,MuleTrunk
m_FadeSteps,m_MuleTrunk
thickness,Arthritis
_thickness,_Arthritis
use,And
Gradient,Nestling
useGradient,AndNestling
_useGradient,_AndNestling
gradient,Colonist
Direction,Bulldozer
gradientDirection,ColonistBulldozer
vertex,Modern
List,Fond
vertexList,ModernFond
_vertexList,_ModernFond
dust,Dual
dust1,Dual1
dust2,Dual2
top,Rut
topColor,RutSmoky
bottom,Venice
bottomColor,VeniceSmoky
center,Patrol
can,Key
Erase,Hover
canErase,KeyHover
erase,Enure
Finish,Factor
Event,Clock
eraseFinishEvent,EnureFactorClock
brush,Coral
Radius,Torpor
brushRadius,CoralTorpor
finish,Chapel
Percent,Situate
finishPercent,ChapelSituate
draw,Stun
Offset,Amount
drawOffset,StunAmount
isFinish,IfFactor
Continue,Hardship
isContinue,IfHardship
Image,White
eraseImage,EnureWhite
Texture,Cheaply
eraseTexture,EnureCheaply
texture,Briefly
Width,Suite
textureWidth,BrieflySuite
Height,France
textureHeight,BrieflyFrance
Length,Zigzag
textureLength,BrieflyZigzag
eraseLength,EnureZigzag
original,Minutely
originalTexture,MinutelyCheaply
Enabled,Sulfate
originalImageEnabled,MinutelyWhiteSulfate
rect,Tide
Transform,Singleton
rectTransform,TideSingleton
parent,Inland
Canvas,Energy
parentCanvas,InlandEnergy
last,Drag
Position,Hardness
lastErasePosition,DragHoverHardness
Erasing,Central
isErasing,IfCentral
Mouse,Frown
Over,Goal
isMouseOverImage,IfFrownGoalWhite
local,Linen
Point,Gesso
localPoint,LinenGesso
pixel,Stout
Pos,Hay
pixelPos,StoutHay
temp,Twin
tempPercent,TwinSituate
eraseRadius,EnureTorpor
complete,Inherent
Threshold,Technical
completeThreshold,InherentTechnical
on,Dy
Complete,Crescent
onEraseComplete,DyHoverCrescent
raw,How
rawImage,HowWhite
_rawImage,_HowWhite
_eraseTexture,_EnureCheaply
_rectTransform,_TideSingleton
ui,We
Camera,Commit
uiCamera,WeCommit
_uiCamera,_WeCommit
isEraseComplete,IfHoverCrescent
_isEraseComplete,_IfHoverCrescent
Touch,Needy
lastTouchPos,DragNeedyHay
_lastTouchPos,_DragNeedyHay
has,Urn
Last,Lack
hasLastTouch,UrnLackNeedy
_hasLastTouch,_UrnLackNeedy
Pixels,Ending
originalPixels,MinutelyEnding
_originalPixels,_MinutelyEnding
total,Bluff
Opaque,Option
Pixel,Suite
Count,Daddy
totalOpaquePixelCount,BluffOptionPixelDaddy
_totalOpaquePixelCount,_BluffOptionPixelDaddy
indexes,Visitor
movefx,Resume
Win,Pry
movefx_Win,Resume_Pry
Boost,Weary
movefx_Boost,Resume_Weary
normal,Around
Font,Wavy
normalFont,AroundWavy
boost,Ruler
boostFont,RulerWavy
win,Bog
winFont,BogWavy
number,Warmth
star,Coal
Txt,Use
normalTxt,AroundUse
boostTxt,RulerUse
winTxt,BogUse
target,Potash
gold,Meal
Pig,Tip
Btn,Beg
goldPigBtn,MealTipBeg
goldPigCDTxt,MealTipCDUse
Light,Quote
BGLight,BGQuote
reward,Absorb
rewardTxt,AbsorbUse
anim,Soft
wheel,Clock
show,Deny
Curve,Caste
showCurve,DenyCaste
rotition,Exertion
rotitionCurve,ExertionCaste
idle,Obey
Particle,Historic
idleParticle,ObeyParticle
winParticle,BogHistoric
Pan,DNA
wheelPan,ClockDNA
cash,Neat
Spr,Aie
cashPanSpr,NeatDNAAie
diamond,Gazette
diamondPanSpr,GazetteDNAAie
prize,Reuse
Num,Dry
cashNum,NeatDry
lucky,Limit
Wheel,Topic
Bar,Rat
luckyWheelBar,LimitTopicRat
max,Air
Lucky,Speed
Energy,Spider
maxLuckyWheelEnergy,AirSpeedTopicSpider
trail,Alder
particle,Antelope
slot,Past
Prefab,Victim
slotPrefab,PastVictim
slotDistance,PastHistoric
Bottom,Tomato
slotBottom,PastTomato
axis,Oral
Index,Shear
axisIndex,OralShear
slots,Drape
slotsCount,DrapeDaddy
Board,Trial
slotsBoard,DrapeTrial
slotsBoardIndex,DrapeTrialShear
Queue,Weird
slotsQueue,DrapeWeird
stack,Ocean
Spinning,Diminish
isSpinning,IfDiminish
new,Job
Slot,Bare
newSlot,JobBare
start,Spill
startPos,SpillHay
move,Wand
moveY,WandY
need,Wear
Fast,Boil
needFast,WearBoil
animName,SoftLady
idleName,ObeyLady
image,Split
diamondSpr,GazetteAie
coin,Boss
coinSpr,BossAie
img,Far
cashSpr,NeatAie
guide,Knife
Box,But
guideBox,KnifeBut
slotAnim,PastChew
Img,Law
slotImg,PastLaw
To,An
Wild,Bomb
slotToWildAnim,PastAnBombChew
animCanvas,SoftEnergy
Assets,Aspire
animAssets,SoftAspire
clear,Mercy
Sprites,Loosely
clearSprites,MercyLoosely
blurred,Chaotic
blurredSprites,ChaoticLoosely
Start,Crawl
slotToWildAnimStartPos,PastAnBombChewCrawlHay
Types,Trait
slotTypes,PastTrait
axisPrefab,OralVictim
mask,Boot
curve,Sharp
fast,Toll
fastBox,TollBut
fastBox2,TollBut2
fastBox3,TollBut3
fastBox4,TollBut4
Reward,Weekly
fastReward,TollWeekly
delta,Empty
deltaTime,EmptyAnew
Speed,Chord
moveSpeed,WandChord
Slots,Aural
fastSlotsCount,TollAuralDaddy
line,Lily
Arr,Oak
axisArr,OralOak
end,Arc
Axis,Chop
endAxisCount,ArcChopDaddy
guideline,Anxiously
Show,Slow
guidelineShowTime,AnxiouslySlowAnew
Guide,Avoid
Line,Dire
isShowGuideLine,IfSlowAvoidDire
SPIN,SPIN
RECOVERY,RECOVERY
TIME,TIME
SPIN_RECOVERY_TIME,SPIN_RECOVERY_TIME
spin,Yawn
spinCountCDTimeTxt,YawnDaddyCDAnewUse
spinCountTxt,YawnDaddyUse
add,Key
Spin,Flow
addSpinBtn,addFlowBeg
maxSpinCount,AirFlowDaddy
Timer,Sheet
Running,Collect
isTimerRunning,IfSheetCollect
Text,Crew
Bound,Vault
isTextBound,IfCrewVault
wild,Vest
Add,Age
Weight,Shrill
wildAddWeight,wildAgeShrill
Wigth,React
Dict,Bind
slotWigthDict,PastReactBind
Data,Lieu
winData,BogLieu
rewardDict,AbsorbBind
special,Weekend
Rewards,Sorghum
Items,Adopt
specialRewardsItems,WeekendSorghumAdopt
Type,User
specialTypeDict,WeekendUserBind
Five,Word
Numbers,Actress
FiveFSBoardNumbers,WordFSTrialActress
five,Loft
fiveFSWigthDict,LoftFSReactBind
jackpot,Respect
jackpotData,RespectLieu
compare,Impetus
Size,Back
compareSizeData,ImpetusBackLieu
open,Card
openBoxData,CardButLieu
match,Forum
match3Data,Forum3Lieu
scratch,Silence
scratchData,SilenceLieu
luckyWheelData,LimitTopicLieu
goldPigData,MealTipLieu
platform,Friendly
game,Live
Mode,Chew
gameMode,LiveMode
fiveFSSpinCount,LoftFSFlowDaddy
Auto,Debt
isAutoSpinning,IfDebtDiminish
round,Twine
End,Shy
roundEnd,TwineShy
no,Go
Grand,Perch
Prize,Block
noGrandPrizeCount,GoPerchBlockDaddy
current,Artwork
currentSlotType,ArtworkBareUser
Wight,Blast
Nomarl,Plenty
wildWightNomarl,VestBlastPlenty
Free,Lens
wildWightFreeSpin,VestBlastLensFlow
winRewards,BogSorghum
Enter,Twain
isEnterFS,IfTwainFS
ready,Timer
isEndWheel,IfShyTopic
settlement,Experience
States,Whence
settlementStates,ExperienceWhence
key,Off
Seconds,Jupiter
totalSeconds,BluffJupiter
remaining,Mechanize
remainingSeconds,MechanizeJupiter
Loop,Open
isLoop,IfOpen
callback,Emergent
display,Barrier
displayText,BarrierCrew
coroutine,Conqueror
active,Injury
Timers,Plight
activeTimers,InjuryPlight
stopped,Awesome
stoppedTimers,AwesomePlight
PLAYER,PLAYER
PREFS,PREFS
PREFIX,PREFIX
PLAYER_PREFS_PREFIX,PLAYER_PREFS_PREFIX
watch,Brick
Ad,He
watchAdBtn,BrickHeBeg
give,Note
Up,Ox
giveUpBtn,NoteOxBeg
addSpinCount,KeyFlowDaddy
watchADImg,BrickADLaw
Icon,City
Sprite,Steady
noAdIconSprite,GoHeCitySteady
have,Fire
haveAdIconSprite,FireHeCitySteady
Watch,Grass
needWatchAd,WearGrassHe
Info,Size
InfoText,SizeCrew
Quit,Kiwi
QuitBtn,QuitBeg
my,Me
Number,Jewett
Btns,Isle
myNumberBtns,MeJewettIsle
count,Ocher
used,Drop
usedIndex,DropShear
winTime,BogAnew
unwinning,Advertise
Pool,Huge
unwinningPrizePool,AdvertiseBlockHuge
cleopatra,Peninsula
fangkuai,Sulfuric
Card,Mail
Sur,Shy
fangkuaiCardSur,SulfuricMailSur
hongtao,Faraway
hongtaoCardSur,FarawayMailShy
meihua,Course
meihuaCardSur,CourseMailShy
heitao,Person
heitaoCardSur,PersonMailShy
JCardSur,JMailShy
Sym,Sun
fangkuaiSym,SulfuricSun
hongtaoSym,FarawaySun
meihuaSym,CourseSun
heitaoSym,PersonSun
compareCardPos,ImpetusMailHay
caidai,Ignite
pwin,Yelp
card,Bond
cardPos,BondHay
Chances,Gunfire
ChancesBtn,GunfireBeg
add8ChancesBtn,Key8GunfireBeg
startBtn,SpillBeg
numberImg,WarmthLaw
add6,Key6
add8,Key8
add10,Key10
free,Cave
Times,Sewer
freeSpinTimes,CaveFlowSewer
spinBtn,YawnBeg
stop,Scar
stopBtn,ScarBeg
settings,Surveyor
settingsBtn,SurveyorBeg
Out,Jar
cashOutEnter,NeatJarTwain
cashBox,NeatBut
cashTxt,NeatUse
result,Camera
resultTxt,CameraUse
cloud,Maple
cloudSpin,MapleFlow
money,Elder
Rain,Flaw
moneyRain,ElderFlaw
Trans,Since
jackpotTrans,RespectSince
grand,Index
Jackpot,Recount
grandJackpotTxt,IndexRecountUse
major,Honor
majorJackpotTxt,HonorRecountUse
minor,Novel
minorJackpotTxt,NovelRecountUse
mini,Kill
miniJackpotTxt,KillRecountUse
freeSpinBG,CaveFlowBG
freespin,Superior
freespinBoard,SuperiorTrial
luckyWheel,LimitTopic
Settlement,Everything
Fx,It
freeSpinSettlementFxPrefab,CaveFlowEverythingItVictim
transition,Physiology
Mask,Nail
freeSpinSettlementMaskBtn,CaveFlowEverythingNailBeg
fiveFSSettlementTxt,LoftFSEverythingUse
fiveFSSettlement,LoftFSEverything
settlementParticle,ExperienceHistoric
freeSpin,CaveFlow
Normal,Glossy
NormalParticle,GlossyHistoric
freeSpin2NormalParticle,CaveFlow2GlossyHistoric
Move,Firn
grandJackpotMoveTime,IndexRecountFirnAnew
shen,Meal
shenEnd,shenShy
zheng,Rigid
zhengEnd,RigidShy
cloudAnimDict,MapleChewBind
rewardText,AbsorbCrew
animStart,SoftCrawl
claim,Troop
claimWatchAdBtn,TroopGrassHeBeg
PercentBtn,SituateBeg
claim10PercentBtn,Troop10SituateBeg
rewardImg,AbsorbLaw
Cash,Edit
rewardCashSpr,AbsorbEditAie
Diamond,Absence
rewardDiamondSpr,AbsorbAbsenceAie
rewardNumber,AbsorbJewett
board,Visit
boardCash,VisitEdit
boardDiamond,VisitAbsence
rewardBtn,AbsorbBeg
close,Recur
closeBtn,RecurBeg
diamonds,Nineteen
diamondsText,NineteenCrew
grandJackpot,IndexRecount
majorJackpot,HonorRecount
minorJackpot,NovelRecount
miniJackpot,KillRecount
claimBtn,TroopBeg
claim10Percent,Troop10Situate
flash,Bless
jackpotType,RespectUser
opened,Humble
From,Gram
openedFrom,HumbleGram
slider,Coerce
sliderImage,CoerceWhite
progress,Tollgate
progressText,TollgateCrew
cardBtns,BondIsle
Toggles,Process
cleopatraToggles,PeninsulaProcess
ankh,Drop
ankhToggles,ankhProcess
honus,Repay
honusToggles,RepayProcess
jar,Son
jarToggles,SonProcess
ring,Rare
ringToggles,RareProcess
scepter,Synonym
scepterToggles,SynonymProcess
bug,Wok
bugToggles,WokProcess
Obj,Fox
cleopatraObj,PeninsulaFox
ankhObj,DropFox
honusObj,RepayFox
jarObj,SonFox
ringObj,RareFox
scepterObj,SynonymFox
bugObj,WokFox
Fronts,Helper
cardFronts,BondHelper
cleopatraAnim,PeninsulaChew
ankhAnim,DropChew
honusAnim,RepayChew
jarAnim,SonChew
ringAnim,RareChew
scepterAnim,SynonymChew
bugAnim,WokChew
Cards,Aside
matchCards,ForumAside
toggles,Lyrical
Indexs,Column
usedCardIndexs,DropMailColumn
symbol,Lonely
Create,Marrow
Datas,Humor
symbolCreateDatas,LonelyMarrowHumor
symbolDatas,LonelyHumor
openCount,CardDaddy
Names,Merge
cardNames,BondMerge
step,Dive
step1,Dive1
step2,Dive2
step1Btn,Dive1Beg
step2Btn,Dive2Beg
boxes,Brand
keys,Fray
keysCountTxt,FrayDaddyUse
Tries,Weedy
TriesBtn,WeedyBeg
add3TriesBtn,Key3WeedyBeg
Major,Swiss
rewardMajor,AbsorbSwiss
Minor,Panel
rewardMinor,AbsorbPanel
Mini,Bare
rewardMini,AbsorbMini
rewardDiamond,AbsorbAbsence
Skull,Agent
rewardSkull,AbsorbAgent
Cry,Get
rewardCry,AbsorbGet
Scorpion,Enforcer
rewardScorpion,AbsorbEnforcer
openedBoxIndexs,HumbleButColumn
box,Elk
boxIndex,ElkShear
back,Also
backBtn,AlsoBeg
content,Contend
Stars,Posit
star1Sprite,Coal1Steady
star2Sprite,Coal2Steady
BGBtn,BGBeg
Layer,Model
scratchLayer,SilenceModel
luckyNum,LimitDry
luckyNum1Txt,LimitDry1Use
luckyNum2Txt,LimitDry2Use
coating,Emperor
luckyNum1,LimitDry1
luckyNum2,LimitDry2
Diamonds,Succinct
rewardDiamonds,AbsorbSuccinct
rewardPos,AbsorbHay
music,Video
musicBtn,VideoBeg
sound,Store
soundBtn,StoreBeg
vibration,Sacrifice
vibrationBtn,SacrificeBeg
directions,Forefather
directionsBtn,ForefatherBeg
onSprite,DySteady
off,Jet
offSprite,JetSteady
action,Fanner
First,Farce
claimFirstBtn,TroopFarceBeg
claim50Percent,Troop50Situate
epic,York
epicWin,YorkPry
mega,Chug
megaWin,ChugPry
big,Day
bigWin,DayPry
boom,Firm
winType,BogUser
Delay,Crack
isDelay,IfCrack
Audio,Knead
Mgr,Sit
AudioMgr,KneadSit
Component,Modernize
AudioComponentQueue,KneadModernizeWeird
Max,Tip
MaxCount,MaxDaddy
AudioQueue,KneadWeird
bg,An
Music,Snowy
bgMusic,bgSnowy
m_bgMusic,m_bgSnowy
Play,Beer
Source,Inflow
PlayAudioSourceList,BeerKneadInflowFond
Check,Occur
Interval,Hardwood
CheckInterval,OccurHardwood
Bg,On
Switch,Recess
BgMusicSwitch,OnSnowyRecess
_BgMusicSwitch,_OnSnowyRecess
EffectMusicSwitch,MethylSnowyRecess
_EffectMusicSwitch,_MethylSnowyRecess
Volume,Forget
BgVolume,OnForget
_BgVolume,_OnForget
EffectVolume,MethylForget
_EffectVolume,_MethylForget
BGM,BGM
BGM_Name,BGM_Lady
fade,Ware
fadeOutSource,WareJarInflow
m_fadeOutSource,m_WareJarInflow
Fading,Grassy
isFading,IfGrassy
m_isFading,m_IfGrassy
Setting,Electro
AudioSettingDict,KneadElectroBind
looping,Drought
Sources,Creator
loopingSources,DroughtCreator
Round,Creep
Digits,Myxoma
RoundDigits,CreepMyxoma
frames,Strong
framerate,Jellyfish
ignore,Saving
Scale,Verse
ignoreTimeScale,SavingAnewVerse
loop,Cate
sprite,Methyl
Renderer,Describe
spriteRenderer,spriteDescribe
Frame,Erupt
currentFrameIndex,ArtworkEruptShear
Framerate,September
currentFramerate,ArtworkSeptember
Target,Eocene
Target_Type,Eocene_User
Layout,Oregon
Layout_Type,Oregon_User
Run,Sex
Run_Time,Sex_Anew
Layout_Number,Oregon_Jewett
adjust,Facade
adjustID,FacadeID
sv,Of
Just,Slit
Init,Rake
ADJustInitType,ADSlitRakeUser
sv_ADJustInitType,Of_ADSlitRakeUser
ADJustTime,ADSlitAnew
sv_ADJustTime,Of_ADSlitAnew
Revenue,Rapport
adjustInitAdRevenue,FacadeRakeHeRapport
MAX,MAX
SDK,SDK
KEY,KEY
MAX_SDK_KEY,MAX_SDK_KEY
REWARD,REWARD
MAX_REWARD_ID,MAX_REWARD_ID
INTER,INTER
MAX_INTER_ID,MAX_INTER_ID
retry,Pivot
Attempt,Fallout
retryAttempt,PivotFallout
Showing,Curator
isShowingAd,IfCuratorHe
Network,Daytime
rewardNetworkName,AbsorbDaytimeLady
Call,Lint
Back,Duck
Action,Client
rewardCallBackAction,AbsorbLintDuckClient
Success,Immerse
rewardSuccess,AbsorbImmerse
rewardIndex,AbsorbShear
interstitial,Remuneration
interstitialNetworkName,RemunerationDaytimeLady
interstitialType,RemunerationUser
interstitialIndex,RemunerationShear
ad,No
Playing,Rivalry
Callbacks,Ingenuity
adPlayingCallbacks,NoRivalryIngenuity
application,Broadcaster
Pause,Proxy
Timestamp,Shorebird
applicationPauseTimestamp,BroadcasterProxyShorebird
Custom,Tariff
RewardAdCustomData,WeeklyHeTariffLieu
Interstitial,Reproduction
InterstitialAdCustomData,ReproductionHeTariffLieu
dictionary,Bloodhound
Message,Collect
dictionaryMessage,BloodhoundMessage
value,Under
Bool,Deer
valueBool,UnderDeer
valueBool2,UnderDeer2
Int,Fen
valueInt,UnderFen
valueInt2,UnderFen2
valueInt3,UnderFen3
Float,Solve
valueFloat,UnderSolve
valueFloat2,UnderSolve2
Double,Rancho
valueDouble,UnderRancho
valueDouble2,UnderRancho2
String,Demand
valueString,UnderDemand
valueString2,UnderDemand2
Game,Sink
Object,Bedpan
valueGameObject,UnderSinkBedpan
valueGameObject2,UnderSinkBedpan2
valueGameObject3,UnderSinkBedpan3
valueGameObject4,UnderSinkBedpan4
valueTransform,UnderSingleton
valueStringList,UnderDemandFond
Vec,Spy
valueVec,UnderSpy
valueVec2List,UnderSpy2Fond
valueIntList,UnderFenFond
message,Sinuous
messageCallBack,SinuousLintDuck
vec,Him
vec2_1,Him2_1
vec2_2,Him2_2
Login,Diver
Url,Toe
LoginUrl,DiverToe
Config,Unfair
ConfigUrl,UnfairToe
TimeUrl,AnewToe
Adjust,Remote
AdjustUrl,RemoteToe
Local,Fever
User,Vole
Id,Up
LocalUserId,FeverVoleUp
sv_LocalUserId,Of_FeverVoleUp
Server,Inject
LocalServerId,FeverInjectUp
sv_LocalServerId,Of_FeverInjectUp
Is,Be
New,Joy
Player,Weaver
IsNewPlayer,BeJoyWeaver
sv_IsNewPlayer,Of_BeJoyWeaver
Daily,Admit
Bouns,Tulip
Get,Tie
DailyBounsGetCount,AdmitTulipTieDaddy
sv_DailyBounsGetCount,Of_AdmitTulipTieDaddy
Date,Shoe
DailyBounsDate,AdmitTulipShoe
sv_DailyBounsDate,Of_AdmitTulipShoe
Step,Wipe
NewUserStep,JoyVoleWipe
sv_NewUserStep,Of_JoyVoleWipe
Gold,Tile
Coin,Gain
GoldCoin,TileGain
sv_GoldCoin,Of_TileGain
Cumulative,Occasional
CumulativeGoldCoin,OccasionalTileGain
sv_CumulativeGoldCoin,Of_OccasionalTileGain
Token,Happy
sv_Token,Of_Happy
CumulativeToken,OccasionalHappy
sv_CumulativeToken,Of_OccasionalHappy
Amazon,Grainy
sv_Amazon,Of_Grainy
CumulativeAmazon,OccasionalGrainy
sv_CumulativeAmazon,Of_OccasionalGrainy
Total,Compo
TotalGameTime,CompoSinkAnew
sv_TotalGameTime,Of_CompoSinkAnew
FirstGetToken,FarceTieHappy
sv_FirstGetToken,Of_FarceTieHappy
Has,Saw
Rate,Corn
Panel,Trick
HasShowRatePanel,SawSlowCornTrick
sv_HasShowRatePanel,Of_SawSlowCornTrick
Lottery,Outside
CumulativeLottery,OccasionalOutside
sv_CumulativeLottery,Of_OccasionalOutside
Already,Seismic
Pass,Roam
Levels,Unfair
AlreadyPassLevels,SeismicRoamLevels
sv_AlreadyPassLevels,Of_SeismicRoamLevels
NewUserStepFinish,JoyVoleWipeFactor
sv_NewUserStepFinish,Of_JoyVoleWipeFactor
task,Soil
level,Mayor
sv_task_level_count,Of_Soil_Mayor_Ocher
FirstSlot,FarceBare
sv_FirstSlot,Of_FarceBare
Adid,Roam
AdjustAdid,RemoteAdid
sv_AdjustAdid,Of_RemoteAdid
trial,Chant
num,Lay
sv_ad_trial_num,Of_No_Chant_Lay
sv_total_ad_num,Of_Bluff_No_Lay
mg,Dy
Window,Tariff
Open,Span
WindowOpen,WindowSpan
mg_WindowOpen,mg_WindowSpan
Close,Tower
WindowClose,TariffTower
mg_WindowClose,Dy_TariffTower
levelcomplete,Profitability
mg_ui_levelcomplete,Dy_We_Profitability
addgold,Channel
mg_ui_addgold,Dy_We_Channel
addtoken,Survivor
mg_ui_addtoken,Dy_We_Survivor
addamazon,Permeable
mg_ui_addamazon,Dy_We_Permeable
Suspend,Consort
GameSuspend,SinkConsort
mg_GameSuspend,Dy_SinkConsort
Item,Fine
Change,Linear
ItemChange,FineLinear
mg_ItemChange_,Dy_FineLinear_
Activity,Majority
State,Waste
ActivityStateChange,MajorityWasteLinear
mg_ActivityStateChange_,Dy_MajorityWasteLinear_
Level,Fifty
LevelMaxLevelChange,FiftyTipFiftyLinear
mg_LevelMaxLevelChange,Dy_FiftyTipFiftyLinear
path,Dale
path_GoldCoin_Sprite,Dale_TileGain_Steady
Dimond,Borrow
path_Token_Sprite_Dimond,Dale_Happy_Steady_Borrow
TIMEOUT,TIMEOUT
Base,Film
BaseUrl,FilmToe
BaseLoginUrl,FilmDiverToe
BaseConfigUrl,FilmUnfairToe
BaseTimeUrl,FilmAnewToe
BaseAdjustUrl,FilmRemoteToe
Code,Deaf
GameCode,SinkDeaf
Channel,Declare
country,Explore
ConfigData,UnfairLieu
InitData,RakeLieu
CashOut,EditJar
CashOut_Data,EditJar_Lieu
Manager,Reelect
adManager,NoReelect
gaid,Tour
aid,Our
idfa,Wish
ready_count,Timer_Ocher
Block,Trait
Rule,Rage
BlockRule,BlockRage
DataFrom,LieuGram
Str,Cup
UserDataStr,VoleLieuCup
UserData,VoleLieu
GetUserInfoCount,TieVoleSizeDaddy
text,Tire
GetSuccess,TieImmerse
Fail,Corp
GetFail,TieCorp
DEFAULT,DEFAULT
DEFAULT_TIMEOUT,DEFAULT_TIMEOUT
RETRY,RETRY
COUNT,COUNT
MAX_RETRY_COUNT,MAX_RETRY_COUNT
INTERVAL,INTERVAL
RETRY_INTERVAL,RETRY_INTERVAL
request,Dietary
Tasks,Maize
requestTasks,DietaryMaize
Net,Bat
Work,Maya
NetWorkGetList,BatMayaTieFond
Post,Rome
NetWorkPostList,BatMayaRomeFond
URL,URL
Form,Akin
PostSuccess,RomeImmerse
PostFail,RomeCorp
targetImage,PotashWhite
Hand,Both
corners,Quality
targetOffsetX,PotashAmountX
targetOffsetY,PotashAmountY
material,Nystatin
currentOffsetX,ArtworkAmountX
currentOffsetY,ArtworkAmountY
shrink,Growth
shrinkTime,GrowthAnew
event,Force
Penetrate,Decompose
eventPenetrate,ForceDecompose
Velocity,Clinical
shrinkVelocityX,GrowthClinicalX
shrinkVelocityY,GrowthClinicalY
Dic,Rat
PoolDic,HugeDic
m_PoolDic,m_HugeDic
Root,Plus
RootTransform,PlusSingleton
m_RootTransform,m_PlusSingleton
Toast,Wharf
ToastText,WharfCrew
Refresh,Topical
needStartRefresh,WearCrawlTopical
Tracker,Faculty
TrackerName,FacultyLady
Adjust_TrackerName,Remote_FacultyLady
Save,Mile
AP,AP
Save_AP,Mile_AP
NormalModeName,GlossyChewLady
Distances,Imperfect
Reason,Parrot
Log,Mar
StepLog,WipeMar
msgs,Roll
daily,Greek
Gifts,Pella
dailyGifts,GreekPella
endless,Stratum
Treasures,Exclusive
endlessTreasures,StratumExclusive
currentIndex,ArtworkShear
Attend,Assure
currentAttendTimes,ArtworkAssureSewer
Shop,Tube
ShopId,TubeUp
Update,Baltic
lastUpdateTime,DragBalticAnew
unlimited,Courtyard
unlimitedTime,CourtyardAnew
item,Oval
Groups,Squirt
itemGroups,OvalSquirt
levelDic,MayorRat
currentLevelIndex,ArtworkFiftyShear
maxLevelIndex,AirFiftyShear
health,Wholly
Cost,Hawk
healthCost,WhollyHawk
ranks,Recur
user,Flaw
userNames,userMerge
shops,Vivid
shop,Jazz
shopDict,JazzBind
skins,Shade
skin,Bare
skinDict,skinBind
skinTypes,BareTrait
Skin,Lash
activeSkin,InjuryLash
attend,Shadow
attendTimes,ShadowSewer
period,Enzyme
periodStartTime,EnzymeCrawlAnew
periodEndTime,EnzymeShyAnew
data,Pink
boxLevelData,ElkFiftyLieu
Value,Loose
currentValue,ArtworkLoose
Lv,ID
currentLv,ArtworkLv
Progress,Preserve
currentProgress,ArtworkPreserve
type,Jazz
value_type,Under_type
comment,Passive
icon,Yuan
default,Joinery
defaultValue,JoineryLoose
min,Gun
minValue,GunLoose
maxValue,AirLoose
id,ID
item_id,Oval_id
item_num,Oval_Lay
itemgroup,Unwilling
itemgroup_id,Unwilling_ID
gp,If
pid,Rat
gp_pid,gp_pid
ios,Lie
ios_pid,Lie_Rat
shop_icon,Jazz_Yuan
title,Tribe
purchase,Seacoast
purchase_type,Seacoast_Jazz
price,Vigor
is_show,If_Deny
box_id,Elk_ID
exp,Saw
exp_key,exp_Off
exp_value,Saw_Under
item_value,Oval_Under
skin_type,Bare_Jazz
unlock,Trader
unlock_type,Trader_Jazz
unlock_value,Trader_Under
unlock_level,Trader_Mayor
time,Oral
start_time,Spill_time
duration,Actively
phases,Teapot
start_type,Spill_Jazz
prefab,Beluga
panel,Story
auto,Yale
auto_settlement,Yale_Experience
overlap,Compete
auto_open_time,Yale_Card_Oral
priority,Subtitle
auto_open_priority,Yale_Card_Subtitle
day,Six
shop_id,Jazz_ID
rank,Norm
rank_id,Norm_ID
activity,Aircraft
activity_id,Aircraft_ID
item_num_type,Oval_Lay_Jazz
clear_item,Mercy_Oval
ranking,Testify
max_ranking,Air_Testify
min_rank,Gun_Norm
max_rank,Air_Norm
_Icon,_City
score,Proxy
startTimes,SpillSewer
victory,Referee
victoryTimes,RefereeSewer
_data,_Pink
rewards,Expanse
Indexes,Lighten
rewardIndexes,AbsorbLighten
Rank,Each
myRank,MeEach
itemNum,OvalDry
users,Vivid
Ranking,Roadway
myRanking,MeRoadway
locked,Cobalt
avatar,Lament
userName,FlawLady
currentNum,ArtworkDry
actived,Thunder
gameSetting,LiveElectro
resource,Allusion
Group,Their
itemGroup,OvalTheir
expBox,SawBut
App,Tin
AppSetting,TinElectro
_AppSetting,_TinElectro
SYS,SYS
PATH,PATH
CANVAS,CANVAS
SYS_PATH_CANVAS,SYS_PATH_CANVAS
UIFORMS,UIFORMS
CONFIG,CONFIG
INFO,INFO
SYS_PATH_UIFORMS_CONFIG_INFO,SYS_PATH_UIFORMS_CONFIG_INFO
TAG,TAG
SYS_TAG_CANVAS,SYS_TAG_CANVAS
NORMAL,NORMAL
NODE,NODE
SYS_NORMAL_NODE,SYS_NORMAL_NODE
FIXED,FIXED
SYS_FIXED_NODE,SYS_FIXED_NODE
POPUP,POPUP
SYS_POPUP_NODE,SYS_POPUP_NODE
TOP,TOP
SYS_TOP_NODE,SYS_TOP_NODE
SCRIPTMANAGER,SCRIPTMANAGER
SYS_SCRIPTMANAGER_NODE,SYS_SCRIPTMANAGER_NODE
UICAMERA,UICAMERA
SYS_UICAMERA_NODE,SYS_UICAMERA_NODE
Click,Lathe
onClick,DyLathe
Down,Lord
onDown,DyLord
onEnter,DyTwain
Exit,Head
onExit,DyHead
onUp,DyOx
Select,Derive
onSelect,DyDerive
onUpdateSelect,DyBalticDerive
dic,Gin
Messages,Discolor
dicMessages,GinDiscolor
_dicMessages,_GinDiscolor
Key,Ice
_Key,_Ice
Values,Mammal
_Values,_Mammal
Instance,Recharge
_Instance,_Recharge
ht,Me
Go,No
GoCanvasRoot,GoEnergyPlus
_GoCanvasRoot,_GoEnergyPlus
Tra,Alp
Scripts,Whether
Node,Life
TraUIScriptsNode,AlpUIWhetherLife
_TraUIScriptsNode,_AlpUIWhetherLife
GoToPanel,NoAnTrick
_GoToPanel,_NoAnTrick
GoMaskPanel,NoNailTrick
_GoMaskPanel,_NoNailTrick
UICamera,UICommit
_UICamera,_UICommit
Original,Governor
Depth,Arena
OriginalUICameraDepth,GovernorUICommitArena
_OriginalUICameraDepth,_GovernorUICommitArena
Instatnce,Miniature
_Instatnce,_Miniature
Lauguage,Champion
Cache,Solve
DicLauguageCache,RatChampionCache
_DicLauguageCache,_RatChampionCache
Current,Overlie
CurrentUIType,OverlieUIUser
_CurrentUIType,_OverlieUIUser
button,Betray
close_button,Recur_Betray
Main,Army
MainCanvas,ArmyEnergy
Forms,Fetus
Paths,Wrist
DicFormsPaths,RatFetusWrist
_DicFormsPaths,_RatFetusWrist
DicALLUIForms,RatALLUIFetus
_DicALLUIForms,_RatALLUIFetus
Sta,Get
StaCurrentUIForms,StaOverlieUIFetus
_StaCurrentUIForms,_StaOverlieUIFetus
DicCurrentShowUIForms,RatOverlieSlowUIFetus
_DicCurrentShowUIForms,_RatOverlieSlowUIFetus
Wait,Lade
WaitUIForms,LadeUIFetus
_WaitUIForms,_LadeUIFetus
Transfrom,Dandelion
TraCanvasTransfrom,AlpEnergyDandelion
_TraCanvasTransfrom,_AlpEnergyDandelion
TraNormal,AlpGlossy
_TraNormal,_AlpGlossy
Fixed,Sheet
TraFixed,AlpFixed
_TraFixed,_AlpFixed
Pop,Hat
TraPopUp,AlpHatOx
_TraPopUp,_AlpHatOx
Top,Sad
_Top,_Sad
TraUIScripts,AlpUIWhether
_TraUIScripts,_AlpUIWhether
TraUICamera,AlpUICommit
_TraUICamera,_AlpUICommit
PanelName,TrickLady
PanelNameList,TrickLadyFond
uiFormName,WeAkinLady
Params,Purple
uiFormParams,WeAkinPurple
Clear,Renew
Reverse,Petiole
IsClearReverseChange,BeRenewPetioleLinear
environment,Cannibalism
hasInit,UrnRake
spacing,Granule
Safe,Pane
Area,Bury
LastSafeArea,LackPaneBury
ProgressImage,PreserveWhite
ProgressText,PreserveCrew
Tab,Gar
TabName,GarLady
tab,Ion
Button,Dampen
tabButton,IonDampen
Active,Negate
ActiveIcon,NegateCity
Inactive,Savannah
InactiveIcon,SavannahCity
items,Storm
Content,Treason
Animation,Component
ActiveAnimationObj,NegateComponentFox
ActiveBG,NegateBG
InactiveBG,SavannahBG
ActiveColor,NegateSmoky
InactiveColor,SavannahSmoky
ActiveTab,NegateGar
activeTabName,InjuryGarLady
Panels,Firing
tabPanels,IonFiring
Callback,Sinkhole
openCallback,CardSinkhole
Title,Every
mypageview,Adaptation
pos,Bag
posList,BagFond
Drag,Dare
isDrag,IfDare
stopMove,ScarFirn
Horizontal,Herbaceous
targetHorizontal,PotashHerbaceous
startDragHorizontal,SpillDareHerbaceous
smooting,Forelimb
sensitivity,Exoskeleton
On,At
Page,Poor
OnPageChange,AtPoorLinear
currentPageIndex,ArtworkPoorShear
Cell,Pose
itemCell,OvalPose
scroll,Quarry
Rect,Main
scrollRect,QuarryMain
totalWidth,BluffSuite
totalHeight,BluffFrance
visible,Fixture
visibleCount,FixtureDaddy
Clac,Kind
isClac,IfKind
startIndex,SpillShear
lastIndex,DragShear
itemHeight,OvalFrance
itemList,OvalFond
visibleList,FixtureFond
all,Tar
allList,TarFond
SpinTimes,FlowSewer
CashCount,EditDaddy
Curr,Load
CurrSpinCount,LoadFlowDaddy
effect,Museum
effectColor,MuseumSmoky
effectDistance,MuseumHistoric
fadeSteps,WareTrunk
LuckyWheelEnergy,SpeedTopicSpider
SpinCount,FlowDaddy
GameMode,SinkChew
WinRewards,PrySorghum
GrandJackpot,PerchRecount
MajorJackpot,SwissRecount
MinorJackpot,PanelRecount
MiniJackpot,BareRecount
DiamondNum,AbsenceDry
Rewarded,Platform
IsRewarded,BePlatform
Volmue,Orient
EffectVolmue,MethylOrient
Frames,Butler
Ignore,Attest
IgnoreTimeScale,AttestAnewVerse
currentCount,ArtworkDaddy
_currentCount,_ArtworkDaddy
currentRevenue,ArtworkRapport
_currentRevenue,_ArtworkRapport
Counter,Pacific
lastPlayTimeCounter,DragBeerAnewPacific
counter,Removal
counter101,Removal101
counter102,Removal102
counter103,Removal103
pause,Spare
pauseTimeInterstitial,SpareAnewReproduction
Package,Require
PackageName,RequireLady
Request,Pivotal
RequestId,PivotalUp
Headers,Acetate
OnSuccess,AtImmerse
OnFail,AtCorp
Retry,Surge
RetryCount,SurgeDaddy
Timeout,Revolve
IsRunning,BeCollect
Web,Six
WebRequest,WebPivotal
Raw,Day
RawData,RawLieu
GetNetWorkGetListCount,TieBatMayaTieFondDaddy
GetNetWorkPostListCount,TieBatMayaRomeFondDaddy
CurrentIndex,OverlieShear
StartTime,CrawlAnew
EndTime,ShyAnew
AttendTimes,AssureSewer
maxLevel,AirFifty
unlimit,Harmony
unlimit_health,Harmony_Wholly
consecutive,Devastation
wins,Flag
consecutive_wins,Devastation_Flag
remove,Methyl
remove_ad,remove_No
gb,Of
skin_gb_1,Bare_gb_1
goldleaf,Forceful
recharge,Midnight
interval,Definite
health_recharge_interval,Wholly_Midnight_Definite
cost,Mood
health_cost,Wholly_Mood
lv,So
strategy,Seafarer
Collection,Vulnerable
last_lv_strategy_Collection,Drag_So_Seafarer_Vulnerable
Google,Retool
Public,Mottle
GooglePublicKey,RetoolMottleIce
Apple,Compo
Cert,Blow
AppleRootCert,ApplePlusBlow
Gift,Soil
DailyGift,AdmitGift
Remove,Mobile
RemoveAd,MobileHe
GoldBox,TileBut
Endless,Stewpot
Treasure,Inherent
EndlessTreasure,StewpotTreasure
Star,Clip
RankStar,EachClip
ItemNumStr,FineDryCup
Score,Arena
ItemNum,FineDry
unlocked,Statuary
TabButton,GarDampen
DataCount,LieuDaddy
LineHeight,DireFrance
PopShow,HatSlow
Hide,Foul
PopHide,HatFoul
ChangeNumber,LinearJewett
Best,Hole
GoldMoveBest,TileFirnHole
Scroll,Mormon
HorizontalScroll,HerbaceousMormon
Collect,Despite
Ani,Sty
CollectAni,DespiteSty
Print,Scowl
Merge,Stair
get,Peg
getCameraWidth,PegCommitSuite
getCameraHeight,PegCommitFrance
World,Badly
getWorldPoint,PegBadlyGesso
Nearest,Percent
GetNearestGameObject,TiePercentSinkBedpan
Angle,Reply
PointToAngle,GessoAnReply
Angle180To360,Reply180An360
Unity,Sense
GetUnityDirection,TieSenseBulldozer
True,Deny
getTextureTrueSize,PegCheaplyTrueBack
getSpriteSize,PegSteadyBack
getTouchPosition,PegNeedyHardness
getWeightIndex,PegShrillShear
Random,Apiece
Sequence,Straight
GetRandomSequence,TieApieceStraight
Dictionary,Subglacial
StringToDictionary,DemandAnSubglacial
DictionaryToString,SubglacialAnDemand
Day,Don
Diff,Hurt
DayDateDiff,DonShoeHurt
Sec,Dim
SecDateDiff,DimShoeHurt
DateDiff,ShoeHurt
At,He
GetPosAtText,TieHayAtCrew
By,Of
DistanceByArea,HistoricByBury
Encrypt,Amplify
EncryptDES,AmplifyDES
Decrypt,Sequoia
DecryptDES,SequoiaDES
Draw,Pace
Vertical,Overlook
DrawVertical,PaceOverlook
DrawHorizontal,PaceHerbaceous
Notification,Eccentricity
Permission,Unanswered
RequestNotificationPermission,PivotalEccentricityUnanswered
Initialize,Consequent
Notifications,Extermination
InitializeNotifications,ConsequentExtermination
ClearNotification,RenewEccentricity
CreateNotificationChannel,MarrowEccentricityDeclare
Send,Tour
Immediate,Colleague
SendImmediateNotification,SendColleagueEccentricity
Schedule,Adequate
ScheduleNotification,AdequateEccentricity
Split,Moist
SplitCurve,MoistCaste
Extract,Iceberg
Segment,Ingoing
ExtractCurveSegment,IcebergCasteIngoing
Accuracy,Generate
TestSplitAccuracy,VestMoistGenerate
Range,Thumb
MapValueToRange,YetLooseAnThumb
Ensure,Shaper
Bounds,Beggar
EnsureCurveBounds,ShaperCasteBeggar
RemoveKeyAtTime,MobileIceHeAnew
Smooth,Paddle
SmoothCurve,PaddleCaste
Smoothly,Habitual
AddKeySmoothly,AgeIceHabitual
Shadow,Neuron
AddShadow,AgeNeuron
With,Tale
Alpha,Bulge
WithAlpha,WithBulge
Calculate,Earthworm
Full,What
CalculateFullHeightRange,EarthwormWhatFranceThumb
Outline,Sinuous
Vertices,Mesozoic
AddOutlineVertices,AgeOutlineMesozoic
Dust,Whim
Restart,Austere
DustRestart,WhimAustere
Center,Golden
CenterColor,GoldenSmoky
Pointer,Diction
IsPointerOverImage,BeDictionGoalWhite
ErasePoint,HoverGesso
RefreshErasePercent,TopicalHoverSituate
Reset,Eject
ResetState,EjectWaste
Internal,Response
ResetInternal,EjectResponse
InitEraseTexture,RakeHoverCheaply
Screen,Maroon
EraseAtScreenPosition,HoverHeMaroonHardness
GetTexturePixel,TieCheaplySuite
Between,Oceania
Points,Winter
DrawLineBetweenPoints,PaceDireOceaniaWinter
Circle,Vastly
EraseCircle,HoverVastly
CheckEraseComplete,OccurHoverCrescent
GetEraseCompleteRate,TieHoverCrescentCorn
All,Car
EraseAllPixels,HoverCarEnding
Restore,Bifocal
Set,Pig
Results,Iceland
SetResults,PigIceland
SetResultsAnim,PigIcelandChew
Trailing,Collapse
HideTrailing,FoulCollapse
Grid,Seed
GetGrid,TieSeed
ResetBoard,EjectTrial
SetGridState,PigSeedWaste
SetAnimation,PigComponent
SetGridNumber,PigSeedJewett
GetState,TieWaste
GetNumber,TieJewett
Late,Bowl
LateUpdate,BowlBaltic
StartGoldPigTimer,CrawlTileTipSheet
OpenGoldPigTimer,SpanTileTipSheet
ShowReward,SlowWeekly
Rward,Array
DeleteRward,DegreeArray
Trigger,Sterile
Luck,Iraq
TriggerLuckWheel,SterileIraqTopic
ResetWheel,EjectTopic
Rotate,Mosaic
SetBar,PigRat
IsTriggerLuckyWheel,BeSterileSpeedTopic
Trail,Adult
ResetTrail,EjectAdult
GetStartPos,TieCrawlHay
SetSlotType,PigBareUser
SpinAxis,FlowChop
Replace,Expanse
ReplaceSlot,ReplaceBare
GetSlot,TieBare
SpinEnd,FlowShy
CreateNewSlot,MarrowJoyBare
ResetSlotAnim,EjectBareChew
SetSpr,PigAie
SetSlot,PigBare
PlayAnimation,BeerComponent
CloseAnim,TowerChew
SetAnimToImg,PigChewAnLaw
TriggerSlotToWildAnim,SterileBareAnBombChew
ShowGuideBox,SlowAvoidBut
Coroutine,Microwave
ShowGuideBoxCoroutine,SlowAvoidButMicrowave
HideGuideBox,FoulAvoidBut
CloseLayout,TowerOregon
StartSpin,CrawlFlow
AxisMoveEnd,ChopFirnShy
Magic,Fight
Bug,Bud
TriggerMagicBug,SterileFightBug
MagicBugCoroutine,FightBudMicrowave
ShowGuide,SlowAvoid
ShowGuideCoroutine,SlowAvoidMicrowave
HideGuide,FoulAvoid
ShowFastBox,SlowBoilBut
GetSlotTypes,TieBareTrait
Use,Jaw
UseSpin,JawFlow
Spine,Rigid
AddSpine,AgeSpine
OpenSpinTimer,SpanFlowSheet
SendCoroutine,TourMicrowave
WinRewardsRewarded,PrySorghumPlatform
MagicBugTrigger,FightBudSterile
GetWin,TiePry
Scratch,Lightly
ScratchTrigger,LightlySterile
Scatter,Hexagon
GetScatterMiniGame,TieHexagonBareSink
Bonus,Thorn
BonusTrigger,ThornSterile
GetSlotType,TieBareUser
GetAnimationSlot,TieComponentBare
GetJackpot,TieRecount
AddJackpot,AgeRecount
ResetJackpot,EjectRecount
gameInit,LiveRake
ResetSettlement,EjectEverything
GetSettlementState,TieEverythingWaste
SettlementEnd,EverythingShy
StartSettlement,CrawlEverything
Settlement_Normal_Coroutine,Everything_Glossy_Microwave
FreeSpin,LensFlow
Settlement_FreeSpin_Coroutine,Everything_LensFlow_Microwave
ShowWin,SlowPry
ShowWinPanel,SlowPryTrick
ShowLine,SlowDire
WinAnim,PryChew
And,Tar
ShowWinAndBoostAnim,SlowPryAndWearyChew
ShowScratch,SlowLightly
OpenScratchPanel,SpanLightlyTrick
ShowLuckyWheel,SlowSpeedTopic
AddLuckWheelEnergy,AgeIraqTopicSpider
ShowScatterMiniGame,SlowHexagonBareSink
OpenScatterMiniGamePanel,SpanHexagonBareSinkTrick
SetModeFreeSpin,PigChewLensFlow
ShowFreeSpinAnim,SlowLensFlowChew
Chang,Crimp
ChangFreeSpinMode,CrimpLensFlowChew
Can,Egg
SpinBtnCanClick,FlowBegEggLathe
ShowGuideLine,SlowAvoidDire
StartTimer,CrawlSheet
IsTimerComplete,BeSheetCrescent
Resume,Piling
ResumeTimer,PilingSheet
Stop,Tire
StopTimer,StopSheet
RunTimer,SexSheet
Format,Butter
FormatTime,ButterAnew
Prefs,Weedy
SaveTimerToPlayerPrefs,MileSheetAnWeaverPrefs
Shake,Snake
Shark,Lodge
SetSharkOpen,PigLodgeSpan
IsShakeOpen,BeSnakeSpan
WatchAdBtnClick,GrassHeBegLathe
Give,Tact
GiveUpBtnClick,TactOxBegLathe
ShowInfo,SlowSize
Choose,Casual
ChooseNumber,CasualJewett
Compare,Festive
CardCompare,MailFestive
CloseCards,TowerAside
OpenCards,SpanAside
ShowRewardPanel,SlowWeeklyTrick
ShowWatchAdPanelCoroutine,SlowGrassHeTrickMicrowave
CloseCoroutine,TowerMicrowave
WatchAd,GrassHe
GetReward,TieWeekly
WatchAdAdd,GrassHeAge
ChancesBtnClick,GunfireBegLathe
WatchAdAdd8ChancesBtnClick,GrassHeAge8GunfireBegLathe
StartBtnClick,CrawlBegLathe
Money,Worth
SetMoneyRain,PigWorthFlaw
DelayStopRain,CrackTireFlaw
StopRain,TireFlaw
Cloud,Youth
SetCloudAnim,PigYouthChew
CloudAnimDouble,YouthChewRancho
Idle,Sing
IdleShake,SingSnake
ChangeGameMode,LinearSinkChew
ChangeGameModeCoroutine,LinearSinkChewMicrowave
No,He
BackNoAutoSpin,DuckNoDebtFlow
AutoSpin,DebtFlow
SlotSpin,BareFlow
FiveFSSpin,WordFSFlow
FiveFSSettlement,WordFSEverything
FiveFSMaskClose,WordFSNailTower
FiveFreeSpinSettlement,WordLensFlowEverything
Settlemented,Terrifyingly
FiveFSSettlemented,WordFSTerrifyingly
UpdateWinRewards,BalticPrySorghum
MagicBugEnd,FightBudShy
Fly,Bag
FlyDiamond,FlyAbsence
Adaptation,Worthwhile
WatchAdRewardAll,GrassHeWeeklyCar
Reward10Percent,Weekly10Situate
ShowRewardAndClose,SlowWeeklyTarTower
ClosePanel,TowerTrick
RewardBtnClick,WeeklyBegLathe
GetDiamond,TieAbsence
CloseBtnClick,TowerBegLathe
ShowNoAdBtn,SlowHeHeBeg
Claim,Evoke
Claim10Percent,Evoke10Situate
PlayAnim,BeerChew
Creat,Pluto
CreatCard,PlutoMail
Mark,Pipe
Toggle,Artist
MarkToggle,PipeArtist
ShowStep,SlowWipe
ShowStep1,SlowWipe1
ShowStep2,SlowWipe2
BtnClick,BegLathe
Step1BtnClick,Wipe1BegLathe
After,Broad
AfterDelay,BroadCrack
ShowStep2AfterDelay,SlowWipe2BroadCrack
Step2BtnClick,Wipe2BegLathe
OpenBox,SpanBut
KeysBtnClick,TaleBegLathe
Add3KeysBtnClick,Age3TaleBegLathe
Jars,Dash
CloseJars,TowerJars
OpenJars,SpanDash
BackBtnClick,DuckBegLathe
LightStart,QuoteCrawl
closePanel,RecurTrick
Scrape,Divine
Off,Lay
Coating,Selfish
ScrapeOffCoating,DivineOffSelfish
ShowSettlement,SlowEverything
MusicBtnClick,SnowyBegLathe
Sound,Pound
SoundBtnClick,PoundBegLathe
Vibration,Hibernate
VibrationBtnClick,HibernateBegLathe
Directions,Adventurer
DirectionsBtnClick,AdventurerBegLathe
ClaimFirst,EvokeFarce
Claim50Percent,Evoke50Situate
InitAudioSourceQueue,RakeKneadInflowWeird
For,Zoo
Audo,Shoe
AddAudioSourceForAudoMgr,AgeKneadInflowZooAudoSit
GetAudioComponent,TieKneadModernize
Un,No
UnUseAudioComponent,UnJawKneadModernize
set,Tie
Bgm,Mad
One,Wed
setBgmCloseOneTime,setMadTowerWedAnew
setBgmReplaceOneTime,TieMadExpanseWedAnew
CheckUnUseAudioComponent,OccurNoJawKneadModernize
SetAllEffectVolume,PigCarMethylForget
PlayBgBase,BeerOnFilm
PlayNewBg,BeerJoyOn
PlayEffectBase,BeerMethylFilm
PlayBg,BeerOn
StopBG,TireBG
PlayEffect,BeerMethyl
getVolume,PegForget
PlayLoop,BeerOpen
StopLoop,TireOpen
Load,Airy
Do,On
DoUpdate,DoBaltic
Anchor,Gypsum
SetAnchor,PigGypsum
Pivot,Staff
SetPivot,PigStaff
layout,Inflow
layoutAction,layoutClient
AdjustInit,RemoteRake
SaveAdjustAdid,MileRemoteRoam
GetAdjustAdid,TieRemoteRoam
Status,Living
GetAdjustStatus,TieRemoteLiving
InitAdjustData,RakeRemoteLieu
Act,Buy
AddActCount,AgeBuyDaddy
AddAdCount,AgeHeDaddy
LoadAdjustOnAct,AiryRemoteAtBuy
ResetActCount,EjectBuyDaddy
GetAdjustTime,TieRemoteAnew
setAdjustAdid,TieRemoteRoam
Ads,Tie
InitializeRewardedAds,ConsequentPlatformAds
LoadRewardedAd,AiryPlatformHe
LoadInterstitial,AiryReproduction
play,Glue
Video,Train
playRewardVideo,GlueWeeklyTrain
playInterstitialAd,GlueReproductionHe
playInterstitial,GlueReproduction
Repeat,Spurge
Method,Hander
RepeatMethod,SpurgeHander
Thanks,Norway
NoThanksAddCount,HeNorwayAgeDaddy
PauseTimeInterstitial,ProxyAnewReproduction
ResumeTimeInterstitial,PilingAnewReproduction
Trial,Under
UpdateTrialNum,BalticTrialDry
Register,Advocate
RegisterPlayCallback,AdvocateBeerSinkhole
AfterAdPlaySuccess,BroadHeBeerImmerse
GetTotalAdNum,TieCompoHeDry
Pin,Cry
Market,Beaver
OpenAPPinMarket,SpanAPCryBeaver
Country,Orderly
getCountry,PegOrderly
GetConfigData,TieUnfairLieu
Loaction,Selenium
GetLoactionData,TieSeleniumLieu
SetConfigData,PigUnfairLieu
Ready,Frost
GameReady,SinkFrost
SendAdjustAdid,TourRemoteRoam
GetUserInfo,TieVoleSize
Re,Dy
ReGetUserInfo,ReTieVoleSize
autoMessage,YaleCollect
Para,Berg
SendNoParaEvent,TourHeBergClock
send,Slit
sendGameProgress,sendSinkPreserve
SendEvent,TourClock
SendPost,TourRome
endRequest,ArcPivotal
Http,Some
HttpGet,SomeTie
HttpPost,SomeRome
Json,Gene
HttpPostJson,SomeRomeGene
Process,Loyally
ProcessRequest,LoyallyPivotal
CreateWebRequest,MarrowSixPivotal
Cleanup,Tourist
CleanupRequest,TouristPivotal
Cancel,Active
CancelRequest,ActivePivotal
Requests,Interact
CancelAllRequests,ActiveCarInteract
SetTargetImage,PigEoceneWhite
ShowHand,SlowBoth
WorldToCanvasPos,BadlyAnEnergyHay
HandAnimation,BothComponent
CreateObjectPool,MarrowBedpanHuge
GetGameObject,TieSinkBedpan
Recycle,Petrify
RecycleGameObject,PetrifySinkBedpan
Query,Still
QueryPool,StillHuge
GetInstance,TieRecharge
autoCloseToast,YaleTowerWharf
ShowToast,SlowWharf
setContentLayout,TieTreasonOregon
IsApple,BeCompo
Online,Linger
CheckOnlineData,OccurLingerLieu
GetDistance,TieHistoric
Android,Foolish
AndroidBlockCheck,FoolishTraitOccur
Editor,Gender
IsEditor,BeGender
Portrait,Reaction
IsPortrait,BeReaction
LocalPoint,FeverGesso
ScreenPoint,MaroonGesso
LocalPoint2ScreenPoint,FeverGesso2MaroonGesso
ScreenPoint2LocalPoint,MaroonGesso2FeverGesso
Of,Me
GetWorldPositionOfRectTransform,TieBadlyHardnessOfMainSingleton
GetTimestamp,TieShorebird
DateTimeFormat,ShoeAnewButter
SecondsToDateTime,JupiterAnShoeAnew
SecondsFormat,JupiterButter
SecondsFormat2,JupiterButter2
DoubleToStr,RanchoAnCup
GetWeightRandom,TieShrillApiece
GetWeightRandomIndex,TieShrillApieceShear
In,ID
Chance,Garden
InChance,InGarden
Shuffle,Eyeball
Array,Below
ShuffleArray,EyeballBelow
GetMessage,TieCollect
Sub,Pet
CreateSubActivity,MarrowPetMajority
Serialize,Depositor
GetSerializeData,TieDepositorLieu
GetActivityById,TieMajorityOfUp
Activities,Particular
GetActivities,TieParticular
UpdateActivityState,BalticMajorityWaste
SetSetting,PigElectro
GetCurrentIndex,TieOverlieShear
GetAllSetting,TieCarElectro
GetRewardByIndex,TieWeeklyOfShear
SetData,PigLieu
GetData,TieLieu
ClaimReward,EvokeWeekly
IsEffect,BeMethyl
Buy,Fir
GetRewards,TieSorghum
GetBoxDataById,TieButLieuOfUp
GetSettingById,TieElectroOfUp
Calc,Oily
Health,Combat
CalcCurrentHealth,OilyOverlieCombat
GetCurrentHealth,TieOverlieCombat
Unlimited,Sugarlike
IsUnlimitedState,BeSugarlikeWaste
Countdown,Nonliving
UnlimitedCountdown,SugarlikeNonliving
IsFull,BeWhat
UseHealth,JawCombat
AddHealth,AgeCombat
AddUnlimitedTime,AgeSugarlikeAnew
Enough,Hunter
IsHealthEnough,BeCombatHunter
StartLevel,CrawlFifty
Victory,Currier
LevelVictory,FiftyCurrier
LevelFail,FiftyCorp
InitUserNames,RakeVoleMerge
GetRankById,TieEachOfUp
AddItemValue,AgeFineLoose
AddItemGroup,AgeFineTheir
SetItemValue,PigFineLoose
GetItemById,TieFineOfUp
GetItemGroupById,TieFineTheirOfUp
Ids,Box
GetItemGroupByIds,TieFineTheirOfBox
GetShopList,TieTubeFond
GetShopById,TieTubeOfUp
Distribute,Congenital
DistributeRewards,CongenitalSorghum
Skins,Eject
GetAllSkinsOfType,TieCarSkinsMeUser
GetSkinsByType,TieEjectOfUser
Unlock,Spruce
UnlockSkin,SpruceLash
ActiveSkin,NegateLash
Exp,Get
UnlockByExp,SpruceOfExp
CalculateState,EarthwormWaste
ChangeActivityState,LinearMajorityWaste
Period,Snugly
StartNewPeriod,CrawlJoySnugly
AttendActivity,AssureMajority
NeedShow,GameSlow
SetSettingData,PigElectroLieu
GetBoxLevelDataByLv,TieButFiftyLieuOfID
GetBoxLevelDataFromLv,TieButFiftyLieuGramID
AddCurrentValue,AgeOverlieLoose
CalculateLv,EarthwormID
AddValue,AgeLoose
SetValue,PigLoose
AddScore,AgeArena
AddStartTimes,AgeCrawlSewer
AddVictoryTimes,AgeCurrierSewer
SetRewards,PigSorghum
CalculateRank,EarthwormEach
GetRewardByRanking,TieWeeklyOfRoadway
ClearData,RenewLieu
AddNum,AgeDry
CanBuy,EggFir
SetActive,PigNegate
SaveData,MileLieu
Handle,Clergy
HandleInterval,ClergyHardwood
GetAppSettingMaxNumber,TieTinElectroTipJewett
Analysis,Persuade
InitAndAnalysisJson,RakeTarPersuadeGene
Msg,Joy
Listener,Puncture
AddMsgListener,AgeMsgPuncture
RemoveMsgListener,MobileJoyPuncture
ClearAllMsgListener,RenewCarJoyPuncture
SendMessage,TourCollect
Asset,Lathe
LoadAsset,AiryAsset
SetMaskWindow,PigNailTariff
HideMaskWindow,FoulNailTariff
CancelMaskWindow,ActiveNailTariff
Find,Seed
The,Dot
Child,Coach
FindTheChildNode,FindDotCoachLife
GetTheChildNodeComponentScripts,TieDotCoachLifeModernizeWhether
AddChildNodeComponent,AgeCoachLifeModernize
Parent,Intent
AddChildNodeToParentNode,AgeCoachLifeAnIntentLife
ShowText,SlowCrew
InitLauguageCache,RakeChampionSolve
FindChildAddComponent,SeedCoachAgeModernize
Freeze,Digest
Rigister,Rotation
RigisterButtonObjectEvent,RotationDampenBedpanClock
OpenUIForm,SpanUIAkin
CloseUIForm,TowerUIAkin
Receive,Battery
ReceiveMessage,BatteryCollect
AddPanel,AgeTrick
SubPanel,PetTrick
Loading,Renewal
InitRootCanvasLoading,RakePlusEnergyRenewal
ShowUIForms,SlowUIFetus
Or,It
Return,Rennin
CloseOrReturnUIForms,TowerOrRenninUIFetus
Next,Tram
ShowNextPopUp,SlowTramHatOx
ClearWaitUIForms,RenewLadeUIFetus
Catch,Tenon
LoadFormsToALLUIFormsCatch,AiryFetusAnALLUIFetusTenon
LoadUIForm,AiryUIAkin
EnterUIFormsCache,TwainUIFetusSolve
ExitUIFormsCache,HeadUIFetusSolve
Formst,Lethal
Other,Fence
EnterUIFormstToCacheHideOther,TwainUILethalAnSolveFoulFence
EnterUIFormsCacheWaitClose,TwainUIFetusSolveLadeTower
ExitUIFormsFromCacheAndShowOther,HeadUIFetusGramSolveTarSlowFence
Push,Ring
PushUIForms,RingUIFetus
PopUIForms,HatUIFetus
InitUIFormsPathsData,RakeUIFetusWristLieu
InitCamera,RakeCommit
Stack,Civet
ClearStackArray,RenewCivetBelow
GetCurrentFormStack,TieOverlieAkinCivet
GetPanelByName,TieTrickOfLady
Opening,Clement
GetOpeningPanels,TieClementFiring
RefreshLayout,TopicalOregon
Apply,Score
ApplySafeArea,ScorePaneBury
RefreshProgress,TopicalPreserve
OpenTab,SpanGar
ActiveBgAnimation,NegateOnComponent
RegisterCallback,AdvocateSinkhole
SetActiveUI,PigNegateUI
pagechange,Plantation
SetPageIndex,PigPoorShear
UpdateItem,BalticFine
PopItem,HatFine
PushItem,RingFine
AddItem,AgeFine
Controller,Cretaceous
AnimationController,ComponentCretaceous
CustomPrint,TariffScowl
Dictionaries,Depreciation
MergeDictionaries,StairDepreciation
System,Direct
GetSystemData,TieDirectLieu
GradientColor,NestlingSmoky
NotificationManager,EccentricityReelect
Maps,Bend
Global,Carpet
GlobalData,CarpetLieu
Splitter,Military
AnimationCurveSplitter,ComponentCasteMilitary
Press,Cloth
LongPressButton,DashClothDampen
Soft,Once
SoftOutline,OnceSinuous
Ex,On
ColorEx,SmokyEx
TextOutline,CrewSinuous
TextGradient,CrewNestling
Handler,Caribou
EraseHandler,HoverCaribou
Eraser,Master
EraserRawImage,MasterDayWhite
FiveFSBoard,WordFSTrial
FiveFSBoardGrid,WordFSTrialSeed
Follow,Frenzy
GoldPigShow,TileTipSlow
Jar,Fan
LuckyJarItem,SpeedFanFine
LuckyWheel,SpeedTopic
LuckyWheelBar,SpeedTopicRat
Machine,Updraft
MachineAxis,UpdraftChop
Match,Chile
Match3_Cards,Chile3_Aside
OpenBox_Item,SpanBut_Fine
RewardPrefab,WeeklyVictim
SlotsBoard,AuralTrial
SpinShow,FlowSlow
CumulativePoint,OccasionalGesso
GameDataManager,SinkLieuReelect
GameManager,SinkReelect
JackpotManager,RecountReelect
MainManager,ArmyReelect
SettlementAnimManager,EverythingChewReelect
TimerManager,SheetReelect
TimerData,SheetLieu
VibrationManager,HibernateReelect
Spins,Alarm
AddSpinsPanel,AgeAlarmTrick
BlockPanel,TraitTrick
CompareSizePanel,FestiveBackTrick
CompareSizeWatchAdPanel,FestiveBackGrassHeTrick
FiveFSRewardPanel,WordFSWeeklyTrick
GamePanel,SinkTrick
General,Vantage
GeneralRewardPanel,VantageWeeklyTrick
GoldPigPanel,TileTipTrick
Jack,Fare
Pot,Ted
JackPotPanel,FareTedTrick
LoadingPanel,RenewalTrick
Match3Panel,Chile3Trick
Minigame,Habitual
MinigameRewardPanel,MinigameWeeklyTrick
NewPlayerGuidePanel,JoyWeaverAvoidTrick
OpenBoxPanel,SpanButTrick
Paytable,Lopsided
PaytablePanel,LopsidedTrick
Us,Me
RateUsPanel,CornUsTrick
ScratchPanel,LightlyTrick
SettingPanel,ElectroTrick
Transition,Percussion
WinPanel,PryTrick
Model,Trove
AudioModel,KneadTrove
AudioSourceQueue,KneadInflowWeird
MusicMgr,SnowySit
Resources,Shoeshine
MusicResourcesMgr,SnowyShoeshineSit
MusicType,SnowyUser
Common,Physic
CommonConfig,PhysicUnfair
SaveDataManager,MileLieuReelect
Animator,Contrast
FrameAnimator,EruptContrast
Archor,Crouch
Tool,Dash
ArchorTool,CrouchTool
AutoLayout,DebtOregon
AdjustInitManager,RemoteRakeReelect
ADManager,ADReelect
CustomData,TariffLieu
Ad_CustomData,He_TariffLieu
RateUsManager,CornMeReelect
Logic,Daunt
MessageCenterLogic,CollectGoldenDaunt
MessageData,CollectLieu
CConfig,CUnfair
NetInfoMgr,BatSizeSit
Script,Rotate
PostEventScript,RomeClockRotate
NetWorkGetObject,BatMayaTieBedpan
NetWorkManager,BatMayaReelect
Task,Feel
RequestTask,PivotalFeel
NetWorkPostObject,BatMayaRomeBedpan
Guidance,Accurate
GuidanceEventPenetrate,AccurateClockDecompose
RectGuideMask,MainAvoidNail
ObjectPoolManager,BedpanHugeReelect
Mono,Rest
Singleton,Christian
MonoSingleton,RestChristian
ToastManager,WharfReelect
View,Gobi
ScrollViewContentLayout,MormonGobiTreasonOregon
Util,Mesh
CommonUtil,PhysicMesh
DateUtil,ShoeMesh
NumberUtil,JewettMesh
RandomUtil,ApieceMesh
StringUtil,DemandMesh
Error,Usual
ErrorCodeMessage,UsualDeafCollect
Ctrl,Herd
ActivityCtrl,MajorityHerd
ActivityDailyGiftCtrl,MajorityAdmitSoilHerd
ActivityEndlessTreasureCtrl,MajorityStewpotInherentHerd
ActivityRemoveAdCtrl,MajorityMobileHeHerd
ExpBoxCtrl,GetButHerd
GameSettingCtrl,SinkElectroHerd
HealthCtrl,CombatHerd
ItemGroupCtrl,FineTheirHerd
LevelCtrl,FiftyHerd
RankCtrl,EachHerd
Resource,Division
ResourceCtrl,DivisionHerd
ShopCtrl,TubeHerd
SkinCtrl,LashHerd
ActivityData,MajorityLieu
ExpBox,GetBut
ExpBoxData,GetButLieu
GameSettingDB,SinkElectroDB
ItemDB,FineDB
ItemGroupDB,FineTheirDB
ShopDB,TubeDB
ExpBoxDB,GetButDB
SkinDB,LashDB
ActivityDB,MajorityDB
ActivityDailyGiftDB,MajorityAdmitSoilDB
ActivityEndlessTreasureDB,MajorityStewpotInherentDB
RankDB,EachDB
RankRewardDB,EachWeeklyDB
ResourceDB,DivisionDB
SettingDB,ElectroDB
ActivityCtrlDB,MajorityHerdDB
ItemData,FineLieu
ItemGroup,FineTheir
LevelData,FiftyLieu
RankData,EachLieu
RankUser,EachVole
ShopData,TubeLieu
SkinData,LashLieu
DataManager,LieuReelect
ConfigManagerByJson,UnfairReelectOfGene
KeyValuesInfo,IceMammalSize
KeyValuesNode,IceMammalLife
Sys,Wed
Define,Indigo
SysDefine,SysIndigo
EventTriggerListener,ClockSterilePuncture
MessageCenter,CollectGolden
KeyValuesUpdate,IceMammalBaltic
Anlysis,Taproot
Exception,Personnel
JsonAnlysisException,GeneTaprootPersonnel
ResourcesMgr,ShoeshineSit
UIMaskMgr,UINailSit
Helper,Norman
UnityHelper,SenseNorman
LauguageMgr,ChampionSit
BaseUIForms,FilmUIFetus
UIManager,UIReelect
UIFormParams,UIAkinPurple
UIType,UIUser
InitializeUGS,ConsequentUGS
AutoLayoutVertical,DebtOregonOverlook
Adapter,Careful
SafeAreaAdapter,PaneBuryCareful
ProgressUI,PreserveUI
TabItem,GarFine
TabController,GarCretaceous
TabItemController,GarFineCretaceous
Control,Supreme
MaskControl,NailSupreme
PageView,PoorGobi
ScrollView,MormonGobi
ScrollViewItem,MormonGobiFine
1,1
10,10
2,2
3,3
4,4
5,5
7,7
a,a
eye,Cue
j,j
k,k
q,q
BG,BG
BG2,BG2
bonus,Serve
Burn,Bone
b,b
b_m_00000,b_m_00000
Circle01,Vastly01
Circle02,Vastly02
circle,School
circle3,School3
CircleP,VastlyP
CircleP1,VastlyP1
CircleP2,VastlyP2
boke,Teem
circle_boke01,School_Teem01
soft,User
circle_soft02,School_User02
circle_soft03,School_User03
cloud02,Maple02
c,c
c_7,c_7
Effects,Lecture
Glow,Cent
GlowCircle,CentVastly
Effects_GlowCircle,Lecture_CentVastly
fire,Diet
fire_000,Diet_000
fire_001,Diet_001
fire_002,Diet_002
fire_003,Diet_003
fire_004,Diet_004
fire_005,Diet_005
fire_006,Diet_006
fire_007,Diet_007
fire_008,Diet_008
fire_009,Diet_009
fire_010,Diet_010
fire_011,Diet_011
fire_012,Diet_012
fire_013,Diet_013
fire_014,Diet_014
fire_015,Diet_015
fire_016,Diet_016
fire_017,Diet_017
fire_018,Diet_018
fire_019,Diet_019
fire_020,Diet_020
fire_021,Diet_021
fire_022,Diet_022
fire_023,Diet_023
fire_024,Diet_024
fire_025,Diet_025
fire_026,Diet_026
fire_027,Diet_027
fire_028,Diet_028
fire_029,Diet_029
fire_030,Diet_030
fire_031,Diet_031
fire_032,Diet_032
fire_033,Diet_033
fire_034,Diet_034
fire_035,Diet_035
fire_036,Diet_036
fire_037,Diet_037
fire_038,Diet_038
fire_039,Diet_039
fire_040,Diet_040
fire_041,Diet_041
fire_042,Diet_042
fire_043,Diet_043
fire_044,Diet_044
fire_045,Diet_045
fire_046,Diet_046
fire_047,Diet_047
fire_048,Diet_048
fire_049,Diet_049
fire_050,Diet_050
fire_051,Diet_051
fire_052,Diet_052
fire_053,Diet_053
fire_054,Diet_054
fire_055,Diet_055
fire_056,Diet_056
fire_057,Diet_057
fire_058,Diet_058
fire_059,Diet_059
fire_060,Diet_060
fire_061,Diet_061
fire_062,Diet_062
fire_063,Diet_063
flare,Press
flare01,Press01
FX,FX
FX_BG,FX_BG
FX_BG_1,FX_BG_1
FX_Cash,FX_Edit
glow,Crow
glow1,Crow1
glow6,Crow6
g,g
g_04,g_04
g_05,g_05
h,h
h_177,h_177
lie,Far
light,Rider
light_1,Rider_1
Ray,Toy
Ray01,Toy01
seamless,Fullness
Noise,Fruit
seamlessNoise,FullnessFruit
sickle,Source
sickle06,Source06
Smoke,Blast
SmokeLoop,BlastOpen
Star01 1,Clip01 1
star01,Coal01
Sunlight,Ruminate
Thunderbolt,Ideological
tj,To
tj_10,To_10
tuowei,Middle
T,T
shock,Water
noise,Field
T_shock_noise_001,T_Water_Field_001
Wave,Pool
xulie,Draft
wheel_xulie3,Clock_Draft3
ww,Ax
tex,Oil
yun,Cud
ww_10109_tex03_yun 2,Ax_10109_Oil03_Cud 2
Theme,Stove
ww_Theme_10109_tex_13,Ax_Stove_10109_Oil_13
Add_10Spins,Age_10Alarm
Add_10Spins_BG,Age_10Alarm_BG
FreeBtn,LensBeg
Add_10Spins_FreeBtn,Age_10Alarm_LensBeg
Nothanks,Onlooker
Add_10Spins_Nothanks,Age_10Alarm_Onlooker
Add_10Spins_Slots,Age_10Alarm_Aural
WatchADBtn,GrassADBeg
Add_10Spins_WatchADBtn,Age_10Alarm_GrassADBeg
Blurry,Huddle
Blurry_10,Huddle_10
A,A
Blurry_A,Huddle_A
Blurry_Bonus,Huddle_Thorn
Blurry_Boost,Huddle_Weary
Golden,Hawaii
Bough,Crime
GoldenBough,HawaiiCrime
Blurry_GoldenBough,Huddle_HawaiiCrime
Harp,Poem
Blurry_Harp,Huddle_Poem
Holy,Kill
Grail,Rough
HolyGrail,KillRough
Blurry_HolyGrail,Huddle_KillRough
J,J
Blurry_J,Huddle_J
K,K
Blurry_K,Huddle_K
Big,Cud
Blurry_LuckyWheel_Big,Huddle_SpeedTopic_Cud
Q,Q
Blurry_Q,Huddle_Q
Ring,Akin
Blurry_Ring,Huddle_Akin
Blurry_Scatter,Huddle_Hexagon
Blurry_Scratch,Huddle_Lightly
Blurry_Wild,Huddle_Bomb
Blurry_Win,Huddle_Pry
Zeus,Ohio
Blurry_Zeus,Huddle_Ohio
Game_10,Sink_10
Game_A,Sink_A
Game_Bonus,Sink_Thorn
Game_Boost,Sink_Weary
Game_GoldenBough,Sink_HawaiiCrime
Game_Harp,Sink_Poem
Game_HolyGrail,Sink_KillRough
Game_J,Sink_J
Game_K,Sink_K
Game_LuckyWheel_Big,Sink_SpeedTopic_Cud
Game_Q,Sink_Q
Game_Ring,Sink_Akin
Game_Scatter,Sink_Hexagon
Game_Scratch,Sink_Lightly
Game_Wild,Sink_Bomb
Game_Win,Sink_Pry
Game_Zeus,Sink_Ohio
+10 SPIN,+10 SPIN
+6  SPIN,+6  SPIN
+8  SPIN,+8  SPIN
6,6
8,8
Congrats,Coincide
Congrats_BG,Coincide_BG
Congrats_Nothanks,Coincide_Onlooker
Congrats_WatchADBtn,Coincide_GrassADBeg
Currency,Gradient
Awards,Lawyer
AD,AD
Currency_Awards_AD,Gradient_Lawyer_AD
GameSettlement,SinkEverything
GameSettlement_BG,SinkEverything_BG
GameSettlement_Board,SinkEverything_Trial
Clound,Recess
GameSettlement_Clound_Delete,SinkEverything_Recess_Degree
GameSettlement_Clound_Normal,SinkEverything_Recess_Glossy
GameSettlement_Clound_Win,SinkEverything_Recess_Pry
GameSettlement_Title,SinkEverything_Every
Game_Add_Btn,Sink_Age_Beg
Pile,Jibe
APileOfMoney,AJibeMeWorth
Game_APileOfMoney,Sink_AJibeMeWorth
Game_BG,Sink_BG
Game_Bottom,Sink_Tomato
Game_Countdown,Sink_Nonliving
Game_Grand,Sink_Perch
Game_LuckyWheel,Sink_SpeedTopic
Game_Major,Sink_Swiss
Game_Mini,Sink_Bare
Game_Minor,Sink_Panel
Plate,Truly
MoneyBasePlate,WorthFilmTruly
Game_MoneyBasePlate,Sink_WorthFilmTruly
Game_Money​​​,Sink_Worth​​​
Pay,Bid
Pal,Box
PayPal,BidBox
Game_PayPal,Sink_BidBox
Game_Pig,Sink_Tip
Game_Pig_Countdown,Sink_Tip_Nonliving
Game_Pig​​​_Mask,Sink_Tip​​​_Nail
Game_Plate,Sink_Truly
Game_Plate_1,Sink_Truly_1
Black,Spell
Game_Plate_Black,Sink_Truly_Spell
ProgressBar,PreserveRat
Game_ProgressBar,Sink_PreserveRat
Game_Setting,Sink_Electro
Game_Spin_1 1,Sink_Flow_1 1
Game_Spin_1,Sink_Flow_1
Game_Spin_2,Sink_Flow_2
Game_Stop 1,Sink_Tire 1
Game_Stop,Sink_Tire
Game_Times,Sink_Sewer
Game_Btn_win,Sink_Beg_Bog
B,B
GetBtn,TieBeg
B-Reward_GetBtn,B-Weekly_TieBeg
B-Reward_Image_BG,B-Weekly_White_BG
B-Reward_Image_Cash,B-Weekly_White_Edit
B-Reward_Image_Diamond,B-Weekly_White_Absence
B-Reward_Image_HolyGrail,B-Weekly_White_KillRough
B-Reward_Image_Money,B-Weekly_White_Worth
ScoreBoard,ArenaTrial
B-Reward_Image_ScoreBoard,B-Weekly_White_ArenaTrial
Shine,Sonar
Blue,User
ShineBlue,SonarUser
B-Reward_Image_ShineBlue,B-Weekly_White_SonarUser
Green,Fancy
ShineGreen,SonarFancy
B-Reward_Image_ShineGreen,B-Weekly_White_SonarFancy
Pink,Tuna
ShinePink,SonarTuna
B-Reward_Image_ShinePink,B-Weekly_White_SonarTuna
B-Reward_Title,B-Weekly_Every
UI,UI
Lose,Fast
UI_Lose_AD,UI_Fast_AD
You,Wan
Have,Heat
YouHaveWin,WanHeatPry
NoThanks,HeNorway
YouHaveWin_NoThanks,WanHeatPry_HeNorway
Piggy,Legal
Bank,Lieu
PiggyBank,LegalLieu
PiggyBank_BG 1,LegalLieu_BG 1
PiggyBank_BG 2,LegalLieu_BG 2
PiggyBank_Close 1,LegalLieu_Tower 1
PiggyBank_Cloud_0 1,LegalLieu_Youth_0 1
PiggyBank_Cloud_0,LegalLieu_Youth_0
PiggyBank_Cloud_1,LegalLieu_Youth_1
PiggyBank_Cloud_1_,LegalLieu_Youth_1_
PiggyBank_GetBtn,LegalLieu_TieBeg
PiggyBank_Pig​​​,LegalLieu_Tip​​​
Scoreboard,Stagecoach
PiggyBank_Scoreboard,LegalLieu_Stagecoach
PiggyBank_ShinePink,LegalLieu_SonarTuna
A-Loading,A-Renewal
A-Loading_BG,A-Renewal_BG
A-Loading_Item 1,A-Renewal_Fine 1
A-Loading_Item_1,A-Renewal_Fine_1
Slider,Famine
A-Loading_Slider,A-Renewal_Famine
SliderBG,FamineBG
A-Loading_SliderBG,A-Renewal_FamineBG
Icon_1,City_1
YouHaveWin_GetBtn,WanHeatPry_TieBeg
YouHaveWin_Image_BG,WanHeatPry_White_BG
YouHaveWin_Image_Cash,WanHeatPry_White_Edit
YouHaveWin_Image_Diamond,WanHeatPry_White_Absence
YouHaveWin_Image_HolyGrail,WanHeatPry_White_KillRough
YouHaveWin_Image_Money,WanHeatPry_White_Worth
YouHaveWin_Image_ScoreBoard,WanHeatPry_White_ArenaTrial
YouHaveWin_Title,WanHeatPry_Every
TRIES,TRIES
+3 TRIES,+3 TRIES
A-Setting_Close,A-Electro_Tower
LuckyJar,SpeedFan
LuckyJar_BG,SpeedFan_BG
LuckyJar_Cash,SpeedFan_Edit
Front,Miner
LuckyJar_Cloud_Front,SpeedFan_Youth_Miner
Rear,Oust
LuckyJar_Cloud_Rear,SpeedFan_Youth_Oust
LuckyJar_Cry,SpeedFan_Get
LuckyJar_Diamonds,SpeedFan_Succinct
Display,Physics
DisplayBox,PhysicsBut
LuckyJar_DisplayBox,SpeedFan_PhysicsBut
LuckyJar_GetBtn,SpeedFan_TieBeg
LuckyJar_Gift,SpeedFan_Soil
Small,Barge
LuckyJar_Gift_Small,SpeedFan_Soil_Barge
Insect,Ribbon
LuckyJar_Insect,SpeedFan_Ribbon
LuckyJar_Major,SpeedFan_Swiss
LuckyJar_Mini,SpeedFan_Bare
LuckyJar_Minor,SpeedFan_Panel
Skeleton,Landlord
LuckyJar_Skeleton,SpeedFan_Landlord
LuckyJar_Title 1,SpeedFan_Every 1
LuckyJar_Title,SpeedFan_Every
Rules,Plate
GameRules,SinkPlate
Symbols,Connect
Major Symbols,Swiss Connect
Minor Symbols,Panel Connect
Table,Wheat
PayTable,BidWheat
Paytable_10,Lopsided_10
Paytable_A​​​,Lopsided_A​​​
BackBTN,DuckBTN
Paytable_BackBTN,Lopsided_DuckBTN
Paytable_BG,Lopsided_BG
Paytable_Bonus,Lopsided_Thorn
Paytable_GoldenBough​​​,Lopsided_HawaiiCrime​​​
Paytable_Harp​​​,Lopsided_Poem​​​
Paytable_HolyGrail​​​,Lopsided_KillRough​​​
Paytable_J​​​,Lopsided_J​​​
Paytable_K​​​,Lopsided_K​​​
Paytable_LuckyWheel​​​,Lopsided_SpeedTopic​​​
Paytable_Q​​​,Lopsided_Q​​​
Paytable_Ring​​​,Lopsided_Akin​​​
Paytable_Scatter,Lopsided_Hexagon
Paytable_Scratch,Lopsided_Lightly
Paytable_Wild​​​,Lopsided_Bomb​​​
Paytable_Zeus​​​,Lopsided_Ohio​​​
Special,Paradox
Special Symbols,Paradox Connect
RateUs,CornMe
RateUs_BG,CornMe_BG
RateUs_Item,CornMe_Fine
Rateus,Handle
Gray,Hawk
stars,Stand
UI_Rateus_Gray stars​​​,UI_Handle_Hawk Stand​​​
Shining,Topical
UI_Rateus_Shining Stars​​​,UI_Handle_Topical Posit​​​
Scratchcard,Acquisition
A-Scratchcard,A-Acquisition
A-Scratchcard_BG,A-Acquisition_BG
Ticket,Emboss
A-Scratchcard_BG_Ticket,A-Acquisition_BG_Emboss
A-Scratchcard_Diamond,A-Acquisition_Absence
A-Scratchcard_Money,A-Acquisition_Worth
A-Scratchcard_Normal_0,A-Acquisition_Glossy_0
A-Scratchcard_Normal_1,A-Acquisition_Glossy_1
Selection,Sensation
SelectionRange,SensationThumb
A-Scratchcard_SelectionRange_0,A-Acquisition_SensationThumb_0
A-Scratchcard_SelectionRange_1,A-Acquisition_SensationThumb_1
A-Scratchcard_Target_0,A-Acquisition_Eocene_0
A-Scratchcard_Target_1,A-Acquisition_Eocene_1
A-Scratchcard_Title,A-Acquisition_Every
A-Scratchcard_Win,A-Acquisition_Pry
A-Setting_BG,A-Electro_BG
A-Setting_Title,A-Electro_Every
A_Setting,A_Electro
A_Setting_Music,A_Electro_Snowy
A_Setting_Shake​​​,A_Electro_Snake​​​
A_Setting_Sound​​​,A_Electro_Pound​​​
SwitchOFF,RecessOFF
A_Setting_SwitchOFF,A_Electro_RecessOFF
SwitchON,RecessON
A_Setting_SwitchON,A_Electro_RecessON
Setting_Close,Electro_Tower
PaytableBtn,LopsidedBeg
Setting_PaytableBtn,Electro_LopsidedBeg
Snipaste,Wildlife
Snipaste_2026-04-15_13-32-09,Wildlife_2026-04-15_13-32-09
Snipaste_2026-04-15_13-32-28,Wildlife_2026-04-15_13-32-28
A-Wheel,A-Topic
A-Wheel_Base,A-Topic_Film
A-Wheel_Center,A-Topic_Golden
A-Wheel_Content,A-Topic_Treason
A-Wheel_Content_Cash,A-Topic_Treason_Edit
Outer,Point
Border,Jewett
OuterBorder,PointJewett
A-Wheel_OuterBorder,A-Topic_PointJewett
A-Wheel_Pointer,A-Topic_Diction
111,111
b_m,b_m
ck,To
di,On
di_1,On_1
fk,My
heit,Clip
mh,Of
renw,Auto
z,z
z_m_1,z_m_1
z_m_2,z_m_2
z_m_3,z_m_3
z_m_4,z_m_4
z_m_5,z_m_5
z_m_6,z_m_6
z_m_7,z_m_7
1-1,1-1
1-2,1-2
2-1,2-1
2-2,2-2
3-1,3-1
3-2,3-2
fbab,Fade
f,f
bc,To
d,d
a320993b24fbab9b63f0bc78c5411d6b,a320993b24Fade9b63f0To78c5411d6b
cabdf,Admit
cef,Act
cabdf6b7607161cef3b5124578705c54,Admit6b7607161Act3b5124578705c54
hongdi,Quaker
lanhuoqiu,Unskilled
jindu,Await
jindu_d,Await_d
kd,If
jindu_kd,Await_If
n,n
jindu_n,Await_n
jp,Ox
jp_grand,Ox_Index
jp_grand_k,Ox_Index_k
jp_major,Ox_Honor
jp_major_k,Ox_Honor_k
jp_mini,Ox_Kill
jp_mini_k,Ox_Kill_k
jp_minor,Ox_Novel
jp_minor_k,Ox_Novel_k
btn,Eka
j_btn,j_Eka
GRAND,GRAND
MAJOR,MAJOR
MINI,MINI
MINOR,MINOR
xzk,Hut
zp,Ax
zp_1,Ax_1
zp_2,Ax_2
zuanshi,Premium
qipan,Reuse
sd,An
sd_1,An_1
10​​​,10​​​
J​​​,J​​​
K​​​,K​​​
magic,Pulse
magicBug,PulseBud
Q​​​,Q​​​
scatter,Surface
组 170 拷贝,组 170 拷贝
组 171 拷贝,组 171 拷贝
e,e
ff,To
ee,Ax
ecb,Eke
9e2ff06583b6b9f8e9ee8d568ff4ecb5,9e2To06583b6b9f8e9Ax8d568To4Eke5
spin_btn,Yawn_Eka
stop_btn,Scar_Eka
sz,By
sz_btn,By_Eka
Background,Pressurize
UI_Game_Background,UI_Sink_Pressurize
UI_Game_Diamond,UI_Sink_Absence
xd,We
xd_1,We_1
xd_1_1,We_1_1
xiaozhuyinying,Intellectually
xwheel,Extend
zunashi,Curator
zunash,Nearly
zunash_di,Nearly_On
矩形 25 拷贝 2,矩形 25 拷贝 2
矩形 25 拷贝,矩形 25 拷贝
矩形 25,矩形 25
20,20
ding,Cape
dz,Be
jb,My
kuang,Sloth
shuzik,Doctor
taizi,Cache
xingd,Inner
zm,Up
XHX,XHX
zm_XHX,Up_XHX
zuans,Larva
bcc,USA
cb,On
997105c3a3316a3f1bcc87d3f48cb476,997105c3a3316a3f1USA87d3f48On476
btn_3,Eka_3
chuanglian,Plantation
diban,Chimp
jinzhu,Alaska
yinying,Capable
jinzhu_yinying,Alaska_Capable
zuan,Than
jinzhu_zuan1,Alaska_Than1
jinzhu_zuan2,Alaska_Than2
jinzhu_zuan3,Alaska_Than3
zhihui,Legacy
qipan_zhihui,Reuse_Legacy
tanhao,Motive
title_d,Tribe_d
pig,Gut
UI_Game_pig,UI_Sink_Gut
zuans_d,Larva_d
zuans_d_1,Larva_d_1
zuans_d_2,Larva_d_2
zuans_d_3,Larva_d_3
16,16
17,17
18,18
19,19
btn_1,Eka_1
gc,An
grand_1,Index_1
g_1,g_1
g_2,g_2
g_3,g_3
jsk,Pig
major_1,Honor_1
mini_1,Kill_1
minor_1,Novel_1
loading,Combine
logo,Wick
15,15
wz,Me
wz_z,Me_z
x,x
x_b,x_b
xb,ID
x_xb,x_ID
x_xb_1,x_ID_1
x_xb_2,x_ID_2
14,14
btn_2,Eka_2
huoj,Scar
huoj_d,Scar_d
huoj_d_g,Scar_d_g
qj,Ax
huoj_d_g_qj,Scar_d_g_Ax
tiltle,Marble
tiltle_d,Marble_d
11,11
12,12
banzi,Dream
chuizi,Pierce
chuizi_g,Pierce_g
guanzi,Follow
g_4,g_4
kulian,Icebox
kulou,Cigar
k_1,k_1
xiezi,Bison
xiaok,Rigid
xing,Yean
xing_d,Yean_d
13,13
shuzi,Value
shuzi_di,Value_On
shuzi_ding,Value_Cape
shuzi_ding_1,Value_Cape_1
shuzi_di_1,Value_On_1
wenzi,Creep
wenzi_1,Creep_1
wenzi_2,Creep_2
zj,To
zs,On
guanbi,Vanish
kaiqi,Karst
sy,Go
yinyue,Itself
zd,To
21,21
btn_1 1,Eka_1 1
bt,Up
bt_b,Up_b
huoqiu,Potter
kapai,Water
laba,Tail
title_1,Tribe_1
title_2,Tribe_2
title_3,Tribe_3
title_4,Tribe_4
xiahuoxian,Motionless
zs_b,On_b
zs_b_1,On_b_1
BigBox,CudBut
Epic,Doom
EpicBox,DoomBut
guang,Mural
guangci,Perfect
guanzi_2,Follow_2
jzt,Use
Mega,Pipe
MegaBox,PipeBut
super,Rayon
super_1,Rayon_1
win 1,Bog 1
win 2,Bog 2
Sound_BGM,Pound_BGM
BGM_Bonus,BGM_Thorn
SFX,SFX
spins,Under
SFX_Add8spins,SFX_Age8Under
Final,Silly
Result,Biotic
FinalResult,SillyBiotic
SFX_FinalResult,SFX_SillyBiotic
Fire,Edit
Ball,Sect
FireBallC,EditSectC
SFX_FireBallC,SFX_EditSectC
FireBallD,EditSectD
SFX_FireBallD,SFX_EditSectD
FireBallW,EditSectW
SFX_FireBallW,SFX_EditSectW
SFX_GrandJackpot,SFX_PerchRecount
JackpotLoop,RecountOpen
SFX_JackpotLoop,SFX_RecountOpen
SFX_MajorJackpot,SFX_SwissRecount
MegaJackpot,PipeRecount
SFX_MegaJackpot,SFX_PipeRecount
SFX_MiniJackpot,SFX_BareRecount
SFX_MinorJackpot,SFX_PanelRecount
LuckyWheelGet,SpeedTopicTie
SFX_LuckyWheelGet,SFX_SpeedTopicTie
Rolling,Persian
LuckyWheelRolling,SpeedTopicPersian
SFX_LuckyWheelRolling,SFX_SpeedTopicPersian
BGM_Scatter1,BGM_Hexagon1
BGM_Scatter2,BGM_Hexagon2
Link,Hurl
SFX_3Link,SFX_3Hurl
Break,Niche
JarBreak,FanNiche
SFX_JarBreak,SFX_FanNiche
Lost,Fore
SFX_Lost,SFX_Fore
SFX_Scatter1Win,SFX_Hexagon1Pry
SFX_Switch,SFX_Recess
SwitchOpen,RecessSpan
SFX_SwitchOpen,SFX_RecessSpan
SFX_Scratch,SFX_Lightly
ScratchReward,LightlyWeekly
SFX_ScratchReward,SFX_LightlyWeekly
BGM_Main,BGM_Army
BonusStart,ThornCrawl
SFX_BonusStart,SFX_ThornCrawl
Slash,About
BugSlash,BudAbout
SFX_BugSlash,SFX_BudAbout
CollectReward,DespiteWeekly
SFX_CollectReward,SFX_DespiteWeekly
DoubleRewards,RanchoSorghum
SFX_DoubleRewards,SFX_RanchoSorghum
High,Dumb
HighRate,DumbCorn
SFX_HighRate3Slot,SFX_DumbCorn3Bare
SFX_HighRate4slot,SFX_DumbCorn4Past
SFX_HighRate5slot,SFX_DumbCorn5Past
HighRateRolling,DumbCornPersian
SFX_HighRateRolling,SFX_DumbCornPersian
Little,Singer
LittleWin,SingerPry
SFX_LittleWin,SFX_SingerPry
Enrgy,Auger
LuckyWheelEnrgy,SpeedTopicAuger
SFX_LuckyWheelEnrgy,SFX_SpeedTopicAuger
LuckyWheelSwitch,SpeedTopicRecess
SFX_LuckyWheelSwitch,SFX_SpeedTopicRecess
PiggyBankShake,LegalLieuSnake
SFX_PiggyBankShake,SFX_LegalLieuSnake
SIconGet,SCityTie
SFX_SIconGet,SFX_SCityTie
SlotsRolling,AuralPersian
SFX_SlotsRolling,SFX_AuralPersian
SlotsStopNormal,AuralTireGlossy
SFX_SlotsStopNormal,SFX_AuralTireGlossy
SpinButton,FlowDampen
SFX_SpinButton,SFX_FlowDampen
Sound_GoldCoin,Pound_TileGain
Arm,Ten
Bandit,Piston
OneArmBandit,WedTenPiston
Sound_OneArmBandit,Pound_WedTenPiston
Sound_PopShow,Pound_HatSlow
UIButton,UIDampen
Sound_UIButton,Pound_UIDampen
BigWin,CudPry
SFX_BigWin,SFX_CudPry
EpicWin,DoomPry
SFX_EpicWin,SFX_DoomPry
MegaWin,PipePry
SFX_MegaWin,SFX_PipePry
Super,Write
SuperBigWin,WriteCudPry
SFX_SuperBigWin,SFX_WriteCudPry
SuperMegaWin,WritePipePry
SFX_SuperMegaWin,SFX_WritePipePry
WinLoop,PryOpen
SFX_WinLoop,SFX_PryOpen
,
Ankh,Hoof
Match3_Ankh,Chile3_Hoof
Match3_Bug,Chile3_Bud
Clopatra,Security
Match3_Clopatra,Chile3_Security
Honus,Untie
Match3_Honus,Chile3_Untie
Match3_Jar,Chile3_Fan
Match3_Ring,Chile3_Akin
Scepter,Outcrop
Match3_Scepter,Chile3_Outcrop
MoveFx,FirnIt
MoveFx_Boost,FirnIt_Weary
MoveFx_Win,FirnIt_Pry
RewardCry,WeeklyGet
OpenBox_RewardCry,SpanBut_WeeklyGet
RewardDiamond,WeeklyAbsence
OpenBox_RewardDiamond,SpanBut_WeeklyAbsence
RewardMajor,WeeklySwiss
OpenBox_RewardMajor,SpanBut_WeeklySwiss
RewardMini,WeeklyBare
OpenBox_RewardMini,SpanBut_WeeklyBare
RewardMinor,WeeklyPanel
OpenBox_RewardMinor,SpanBut_WeeklyPanel
RewardScorpion,WeeklyEnforcer
OpenBox_RewardScorpion,SpanBut_WeeklyEnforcer
RewardSkull,WeeklyAgent
OpenBox_RewardSkull,SpanBut_WeeklyAgent
WinBall,PrySect
CashOutPanel,EditJarTrick
CollectEffect,DespiteMethyl
JackpotPanel,RecountTrick
ErrorCode,UsualDeaf
ICtrl,IHerd
GameDB,SinkDB
IAPManager,IAPReelect
IConfigManager,IUnfairReelect
UIParticleSystem,UIHistoricDirect

